Kill Type,Body Part,Level,DMG Mult,Effect,Stat,Stat Mod,Fail Effect,MSG,Fail MSG
men,HEAD,0,4,,-1,0,,5001,5000
men,HEAD,1,4,BYPASS,EN,0,KNOCKED_OUT,5002,5003
men,HEAD,2,5,BYPASS,EN,-3,KNOCKED_OUT,5002,5003
men,HEAD,3,5,KNOCKED_DOWN | BYPASS,EN,-3,KNOCKED_OUT,5004,5003
men,HEAD,4,6,KNOCKED_OUT | BYPASS,LK,0,BLIND,5005,5006
men,HEAD,5,6,DEAD,-1,0,,5007,5000
men,LEFT_ARM,0,3,,-1,0,,5008,5000
men,LEFT_ARM,1,3,LOSE_TURN,-1,0,,5009,5000
men,LEFT_ARM,2,4,,EN,-3,CRIP_ARM_LEFT,5010,5011
men,LEFT_ARM,3,4,CRIP_ARM_LEFT | BYPASS,-1,0,,5012,5000
men,LEFT_ARM,4,4,CRIP_ARM_LEFT | BYPASS,-1,0,,5012,5000
men,LEFT_ARM,5,4,CRIP_ARM_LEFT | BYPASS,-1,0,,5013,5000
men,RIGHT_ARM,0,3,,-1,0,,5008,5000
men,RIGHT_ARM,1,3,LOSE_TURN,-1,0,,5009,5000
men,RIGHT_ARM,2,4,,EN,-3,CRIP_ARM_RIGHT,5010,5014
men,RIGHT_ARM,3,4,CRIP_ARM_RIGHT | BYPASS,-1,0,,5015,5000
men,RIGHT_ARM,4,4,CRIP_ARM_RIGHT | BYPASS,-1,0,,5015,5000
men,RIGHT_ARM,5,4,CRIP_ARM_RIGHT | BYPASS,-1,0,,5013,5000
men,TORSO,0,3,,-1,0,,5016,5000
men,TORSO,1,3,BYPASS,-1,0,,5017,5000
men,TORSO,2,4,KNOCKED_DOWN | BYPASS,-1,0,,5019,5000
men,TORSO,3,4,KNOCKED_DOWN | BYPASS,-1,0,,5019,5000
men,TORSO,4,6,KNOCKED_OUT | BYPASS,-1,0,,5020,5000
men,TORSO,5,6,DEAD,-1,0,,5021,5000
men,RIGHT_LEG,0,3,KNOCKED_DOWN,-1,0,,5023,5000
men,RIGHT_LEG,1,3,KNOCKED_DOWN,EN,0,CRIP_LEG_RIGHT,5023,5024
men,RIGHT_LEG,2,4,KNOCKED_DOWN,EN,-3,CRIP_LEG_RIGHT,5023,5024
men,RIGHT_LEG,3,4,KNOCKED_DOWN | CRIP_LEG_RIGHT | BYPASS,-1,0,,5025,5000
men,RIGHT_LEG,4,4,KNOCKED_DOWN | CRIP_LEG_RIGHT | BYPASS,EN,0,KNOCKED_OUT,5025,5026
men,RIGHT_LEG,5,4,KNOCKED_OUT | CRIP_LEG_RIGHT | BYPASS,-1,0,,5026,5000
men,LEFT_LEG,0,3,KNOCKED_DOWN,-1,0,,5023,5000
men,LEFT_LEG,1,3,KNOCKED_DOWN,EN,0,CRIP_LEG_LEFT,5023,5024
men,LEFT_LEG,2,4,KNOCKED_DOWN,EN,-3,CRIP_LEG_LEFT,5023,5024
men,LEFT_LEG,3,4,KNOCKED_DOWN | CRIP_LEG_LEFT | BYPASS,-1,0,,5025,5000
men,LEFT_LEG,4,4,KNOCKED_DOWN | CRIP_LEG_LEFT | BYPASS,EN,0,KNOCKED_OUT,5025,5026
men,LEFT_LEG,5,4,KNOCKED_OUT | CRIP_LEG_LEFT | BYPASS,-1,0,,5026,5000
men,EYES,0,4,,LK,4,BLIND,5027,5028
men,EYES,1,4,BYPASS,LK,3,BLIND,5029,5028
men,EYES,2,6,BYPASS,LK,2,BLIND,5029,5028
men,EYES,3,6,BLIND | BYPASS | LOSE_TURN,-1,0,,5030,5000
men,EYES,4,8,KNOCKED_OUT | BLIND | BYPASS,-1,0,,5031,5000
men,EYES,5,8,DEAD,-1,0,,5032,5000
men,GROIN,0,3,,-1,0,,5033,5000
men,GROIN,1,3,BYPASS,EN,-3,KNOCKED_DOWN,5034,5035
men,GROIN,2,3,KNOCKED_DOWN,EN,-3,KNOCKED_OUT,5035,5036
men,GROIN,3,3,KNOCKED_OUT,-1,0,,5036,5000
men,GROIN,4,4,KNOCKED_DOWN | BYPASS,EN,0,KNOCKED_OUT,5035,5036
men,GROIN,5,4,KNOCKED_OUT | BYPASS,-1,0,,5037,5000
men,UNCALLED,0,3,,-1,0,,5016,5000
men,UNCALLED,1,3,BYPASS,-1,0,,5017,5000
men,UNCALLED,2,4,KNOCKED_DOWN | BYPASS,-1,0,,5019,5000
men,UNCALLED,3,4,KNOCKED_DOWN | BYPASS,-1,0,,5019,5000
men,UNCALLED,4,6,KNOCKED_OUT | BYPASS,-1,0,,5020,5000
men,UNCALLED,5,6,DEAD,-1,0,,5021,5000
women,HEAD,0,4,,-1,0,,5101,5100
women,HEAD,1,4,BYPASS,EN,0,KNOCKED_OUT,5102,5103
women,HEAD,2,6,BYPASS,EN,-3,KNOCKED_OUT,5102,5103
women,HEAD,3,6,KNOCKED_DOWN | BYPASS,EN,-3,KNOCKED_OUT,5104,5103
women,HEAD,4,6,KNOCKED_OUT | BYPASS,LK,0,BLIND,5105,5106
women,HEAD,5,6,DEAD,-1,0,,5107,5000
women,LEFT_ARM,0,3,,-1,0,,5108,5100
women,LEFT_ARM,1,3,LOSE_TURN,-1,0,,5109,5100
women,LEFT_ARM,2,4,,EN,-2,CRIP_ARM_LEFT,5110,5111
women,LEFT_ARM,3,4,,EN,-4,CRIP_ARM_LEFT,5110,5111
women,LEFT_ARM,4,4,CRIP_ARM_LEFT | BYPASS,-1,0,,5112,5100
women,LEFT_ARM,5,4,CRIP_ARM_LEFT | BYPASS,-1,0,,5113,5100
women,RIGHT_ARM,0,3,,-1,0,,5108,5100
women,RIGHT_ARM,1,3,LOSE_TURN,-1,0,,5109,5100
women,RIGHT_ARM,2,4,,EN,-2,CRIP_ARM_RIGHT,5110,5114
women,RIGHT_ARM,3,4,,EN,-4,CRIP_ARM_RIGHT,5110,5114
women,RIGHT_ARM,4,4,CRIP_ARM_RIGHT | BYPASS,-1,0,,5115,5100
women,RIGHT_ARM,5,4,CRIP_ARM_RIGHT | BYPASS,-1,0,,5113,5100
women,TORSO,0,3,,-1,0,,5116,5100
women,TORSO,1,3,BYPASS,-1,0,,5117,5100
women,TORSO,2,4,KNOCKED_DOWN | BYPASS,-1,0,,5119,5100
women,TORSO,3,4,KNOCKED_DOWN | BYPASS,-1,0,,5119,5100
women,TORSO,4,6,KNOCKED_OUT | BYPASS,-1,0,,5120,5100
women,TORSO,5,6,DEAD,-1,0,,5121,5100
women,RIGHT_LEG,0,3,KNOCKED_DOWN,-1,0,,5123,5100
women,RIGHT_LEG,1,4,KNOCKED_DOWN,EN,0,CRIP_LEG_RIGHT,5123,5124
women,RIGHT_LEG,2,4,KNOCKED_DOWN,EN,-3,CRIP_LEG_RIGHT,5123,5124
women,RIGHT_LEG,3,4,KNOCKED_DOWN | CRIP_LEG_RIGHT | BYPASS,-1,0,,5125,5100
women,RIGHT_LEG,4,4,KNOCKED_DOWN | CRIP_LEG_RIGHT | BYPASS,EN,0,KNOCKED_OUT,5125,5126
women,RIGHT_LEG,5,4,KNOCKED_OUT | CRIP_LEG_RIGHT | BYPASS,-1,0,,5126,5100
women,LEFT_LEG,0,3,KNOCKED_DOWN,-1,0,,5123,5100
women,LEFT_LEG,1,4,KNOCKED_DOWN,EN,0,CRIP_LEG_LEFT,5123,5124
women,LEFT_LEG,2,4,KNOCKED_DOWN,EN,-3,CRIP_LEG_LEFT,5123,5124
women,LEFT_LEG,3,4,KNOCKED_DOWN | CRIP_LEG_LEFT | BYPASS,-1,0,,5125,5100
women,LEFT_LEG,4,4,KNOCKED_DOWN | CRIP_LEG_LEFT | BYPASS,EN,0,KNOCKED_OUT,5125,5126
women,LEFT_LEG,5,4,KNOCKED_OUT | CRIP_LEG_LEFT | BYPASS,-1,0,,5126,5100
women,EYES,0,4,,LK,4,BLIND,5127,5128
women,EYES,1,4,BYPASS,LK,3,BLIND,5129,5128
women,EYES,2,6,BYPASS,LK,2,BLIND,5129,5128
women,EYES,3,6,BLIND | BYPASS | LOSE_TURN,-1,0,,5130,5100
women,EYES,4,8,KNOCKED_OUT | BLIND | BYPASS,-1,0,,5131,5100
women,EYES,5,8,DEAD,-1,0,,5132,5100
women,GROIN,0,3,,-1,0,,5133,5100
women,GROIN,1,3,,EN,0,KNOCKED_DOWN,5133,5134
women,GROIN,2,3,KNOCKED_DOWN,EN,0,KNOCKED_OUT,5134,5135
women,GROIN,3,3,KNOCKED_OUT,-1,0,,5135,5100
women,GROIN,4,4,KNOCKED_DOWN | BYPASS,EN,0,KNOCKED_OUT,5134,5135
women,GROIN,5,4,KNOCKED_OUT | BYPASS,-1,0,,5135,5100
women,UNCALLED,0,3,,-1,0,,5116,5100
women,UNCALLED,1,3,BYPASS,-1,0,,5117,5100
women,UNCALLED,2,4,KNOCKED_DOWN | BYPASS,-1,0,,5119,5100
women,UNCALLED,3,4,KNOCKED_DOWN | BYPASS,-1,0,,5119,5100
women,UNCALLED,4,6,KNOCKED_OUT | BYPASS,-1,0,,5120,5100
women,UNCALLED,5,6,DEAD,-1,0,,5121,5100
children,HEAD,0,4,,EN,0,KNOCKED_OUT,5200,5201
children,HEAD,1,4,BYPASS,EN,-2,KNOCKED_OUT,5202,5203
children,HEAD,2,4,BYPASS,EN,-2,KNOCKED_OUT,5202,5203
children,HEAD,3,6,KNOCKED_OUT | BYPASS,-1,0,,5203,5000
children,HEAD,4,6,KNOCKED_OUT | BYPASS,-1,0,,5203,5000
children,HEAD,5,6,DEAD,-1,0,,5204,5000
children,LEFT_ARM,0,3,,-1,0,,5205,5000
children,LEFT_ARM,1,4,LOSE_TURN,EN,0,CRIP_ARM_LEFT,5206,5207
children,LEFT_ARM,2,4,LOSE_TURN,EN,-2,CRIP_ARM_LEFT,5206,5207
children,LEFT_ARM,3,4,CRIP_ARM_LEFT | BYPASS,-1,0,,5208,5000
children,LEFT_ARM,4,4,CRIP_ARM_LEFT | BYPASS,-1,0,,5208,5000
children,LEFT_ARM,5,4,CRIP_ARM_LEFT | BYPASS,-1,0,,5208,5000
children,RIGHT_ARM,0,3,,-1,0,,5209,5000
children,RIGHT_ARM,1,4,LOSE_TURN,EN,0,CRIP_ARM_RIGHT,5206,5207
children,RIGHT_ARM,2,4,LOSE_TURN,EN,-2,CRIP_ARM_RIGHT,5206,5207
children,RIGHT_ARM,3,4,CRIP_ARM_RIGHT | BYPASS,-1,0,,5208,5000
children,RIGHT_ARM,4,4,CRIP_ARM_RIGHT | BYPASS,-1,0,,5208,5000
children,RIGHT_ARM,5,4,CRIP_ARM_RIGHT | BYPASS,-1,0,,5208,5000
children,TORSO,0,3,,-1,0,,5210,5000
children,TORSO,1,4,BYPASS,-1,0,,5211,5000
children,TORSO,2,4,KNOCKED_DOWN | BYPASS,-1,0,,5212,5000
children,TORSO,3,4,KNOCKED_DOWN | BYPASS,-1,0,,5212,5000
children,TORSO,4,4,KNOCKED_OUT | BYPASS,-1,0,,5213,5000
children,TORSO,5,6,DEAD,-1,0,,5214,5000
children,RIGHT_LEG,0,3,,-1,0,,5215,5000
children,RIGHT_LEG,1,3,KNOCKED_DOWN | CRIP_LEG_RIGHT,-1,0,,5216,5000
children,RIGHT_LEG,2,3,KNOCKED_DOWN | CRIP_LEG_RIGHT,-1,0,,5216,5000
children,RIGHT_LEG,3,4,KNOCKED_DOWN | CRIP_LEG_RIGHT | BYPASS,-1,0,,5217,5000
children,RIGHT_LEG,4,4,KNOCKED_DOWN | CRIP_LEG_RIGHT | BYPASS,-1,0,,5217,5000
children,RIGHT_LEG,5,4,KNOCKED_DOWN | CRIP_LEG_RIGHT | BYPASS,-1,0,,5217,5000
children,LEFT_LEG,0,3,,-1,0,,5215,5000
children,LEFT_LEG,1,3,KNOCKED_DOWN | CRIP_LEG_LEFT,-1,0,,5216,5000
children,LEFT_LEG,2,3,KNOCKED_DOWN | CRIP_LEG_LEFT,-1,0,,5216,5000
children,LEFT_LEG,3,4,KNOCKED_DOWN | CRIP_LEG_LEFT | BYPASS,-1,0,,5217,5000
children,LEFT_LEG,4,4,KNOCKED_DOWN | CRIP_LEG_LEFT | BYPASS,-1,0,,5217,5000
children,LEFT_LEG,5,4,KNOCKED_DOWN | CRIP_LEG_LEFT | BYPASS,-1,0,,5217,5000
children,EYES,0,4,,LK,5,BLIND,5218,5219
children,EYES,1,4,BYPASS,LK,2,BLIND,5220,5221
children,EYES,2,6,BYPASS,LK,-1,BLIND,5220,5221
children,EYES,3,6,BLIND | BYPASS | LOSE_TURN,-1,0,,5222,5000
children,EYES,4,8,KNOCKED_OUT | BLIND | BYPASS,-1,0,,5223,5000
children,EYES,5,8,DEAD,-1,0,,5224,5000
children,GROIN,0,3,,-1,0,,5225,5000
children,GROIN,1,3,,-1,0,,5225,5000
children,GROIN,2,3,KNOCKED_DOWN,-1,0,,5226,5000
children,GROIN,3,3,KNOCKED_DOWN,-1,0,,5226,5000
children,GROIN,4,3,KNOCKED_DOWN,-1,0,,5226,5000
children,GROIN,5,4,KNOCKED_DOWN,-1,0,,5226,5000
children,UNCALLED,0,3,,-1,0,,5210,5000
children,UNCALLED,1,4,BYPASS,-1,0,,5211,5000
children,UNCALLED,2,4,KNOCKED_DOWN | BYPASS,-1,0,,5212,5000
children,UNCALLED,3,4,KNOCKED_DOWN | BYPASS,-1,0,,5212,5000
children,UNCALLED,4,4,KNOCKED_OUT | BYPASS,-1,0,,5213,5000
children,UNCALLED,5,6,DEAD,-1,0,,5214,5000
super_mutant,HEAD,0,4,,-1,0,,5300,5000
super_mutant,HEAD,1,4,BYPASS,EN,-1,KNOCKED_DOWN,5301,5302
super_mutant,HEAD,2,5,BYPASS,EN,-4,KNOCKED_DOWN,5301,5302
super_mutant,HEAD,3,5,KNOCKED_DOWN | BYPASS,EN,-3,KNOCKED_OUT,5302,5303
super_mutant,HEAD,4,6,KNOCKED_DOWN | BYPASS,EN,0,KNOCKED_OUT,5302,5303
super_mutant,HEAD,5,6,DEAD,-1,0,,5304,5000
super_mutant,LEFT_ARM,0,3,,-1,0,,5300,5000
super_mutant,LEFT_ARM,1,3,,AG,0,LOSE_TURN,5300,5306
super_mutant,LEFT_ARM,2,4,BYPASS | LOSE_TURN,EN,-1,CRIP_ARM_LEFT,5307,5308
super_mutant,LEFT_ARM,3,4,BYPASS | LOSE_TURN,EN,-3,CRIP_ARM_LEFT,5307,5308
super_mutant,LEFT_ARM,4,4,CRIP_ARM_LEFT | BYPASS,-1,0,,5308,5000
super_mutant,LEFT_ARM,5,4,CRIP_ARM_LEFT | BYPASS,-1,0,,5308,5000
super_mutant,RIGHT_ARM,0,3,,-1,0,,5300,5000
super_mutant,RIGHT_ARM,1,3,,AG,0,LOSE_TURN,5300,5306
super_mutant,RIGHT_ARM,2,4,BYPASS | LOSE_TURN,EN,-1,CRIP_ARM_RIGHT,5307,5309
super_mutant,RIGHT_ARM,3,4,BYPASS | LOSE_TURN,EN,-3,CRIP_ARM_RIGHT,5307,5309
super_mutant,RIGHT_ARM,4,4,CRIP_ARM_RIGHT | BYPASS,-1,0,,5309,5000
super_mutant,RIGHT_ARM,5,4,CRIP_ARM_RIGHT | BYPASS,-1,0,,5309,5000
super_mutant,TORSO,0,3,,-1,0,,5300,5000
super_mutant,TORSO,1,3,BYPASS,-1,0,,5301,5000
super_mutant,TORSO,2,4,KNOCKED_DOWN | BYPASS,-1,0,,5302,5000
super_mutant,TORSO,3,4,KNOCKED_DOWN | BYPASS,-1,0,,5302,5000
super_mutant,TORSO,4,4,KNOCKED_OUT | BYPASS,-1,0,,5310,5000
super_mutant,TORSO,5,6,DEAD,-1,0,,5311,5000
super_mutant,RIGHT_LEG,0,3,,-1,0,,5300,5000
super_mutant,RIGHT_LEG,1,3,,AG,0,KNOCKED_DOWN,5300,5312
super_mutant,RIGHT_LEG,2,4,KNOCKED_DOWN,EN,-3,CRIP_LEG_RIGHT,5312,5313
super_mutant,RIGHT_LEG,3,4,KNOCKED_DOWN | CRIP_LEG_RIGHT,-1,0,,5313,5000
super_mutant,RIGHT_LEG,4,4,KNOCKED_DOWN | CRIP_LEG_RIGHT | BYPASS,-1,0,,5314,5000
super_mutant,RIGHT_LEG,5,4,KNOCKED_OUT | CRIP_LEG_RIGHT | BYPASS,-1,0,,5315,5000
super_mutant,LEFT_LEG,0,3,,-1,0,,5300,5000
super_mutant,LEFT_LEG,1,3,,AG,0,KNOCKED_DOWN,5300,5312
super_mutant,LEFT_LEG,2,4,KNOCKED_DOWN,EN,-3,CRIP_LEG_LEFT,5312,5313
super_mutant,LEFT_LEG,3,4,KNOCKED_DOWN | CRIP_LEG_LEFT,-1,0,,5313,5000
super_mutant,LEFT_LEG,4,4,KNOCKED_DOWN | CRIP_LEG_LEFT | BYPASS,-1,0,,5314,5000
super_mutant,LEFT_LEG,5,4,KNOCKED_OUT | CRIP_LEG_LEFT | BYPASS,-1,0,,5315,5000
super_mutant,EYES,0,4,,-1,0,,5300,5000
super_mutant,EYES,1,4,BYPASS,LK,5,BLIND,5316,5317
super_mutant,EYES,2,6,BYPASS,LK,3,BLIND,5316,5317
super_mutant,EYES,3,6,BYPASS | LOSE_TURN,LK,0,BLIND,5318,5319
super_mutant,EYES,4,8,KNOCKED_OUT | BLIND | BYPASS,-1,0,,5320,5000
super_mutant,EYES,5,8,DEAD,-1,0,,5321,5000
super_mutant,GROIN,0,3,,-1,0,,5300,5000
super_mutant,GROIN,1,3,,LK,0,BYPASS,5300,5017
super_mutant,GROIN,2,3,BYPASS,EN,-2,KNOCKED_DOWN,5301,5302
super_mutant,GROIN,3,3,KNOCKED_DOWN,-1,0,,5312,5000
super_mutant,GROIN,4,4,KNOCKED_DOWN | BYPASS,EN,0,KNOCKED_OUT,5302,5303
super_mutant,GROIN,5,4,KNOCKED_OUT | BYPASS,-1,0,,5303,5000
super_mutant,UNCALLED,0,3,,-1,0,,5300,5000
super_mutant,UNCALLED,1,3,BYPASS,-1,0,,5301,5000
super_mutant,UNCALLED,2,4,KNOCKED_DOWN | BYPASS,-1,0,,5302,5000
super_mutant,UNCALLED,3,4,KNOCKED_DOWN | BYPASS,-1,0,,5302,5000
super_mutant,UNCALLED,4,4,KNOCKED_OUT | BYPASS,-1,0,,5310,5000
super_mutant,UNCALLED,5,6,DEAD,-1,0,,5311,5000
ghoul,HEAD,0,4,,-1,0,,5001,5000
ghoul,HEAD,1,4,BYPASS,EN,0,KNOCKED_OUT,5400,5003
ghoul,HEAD,2,5,BYPASS,EN,-1,KNOCKED_OUT,5400,5003
ghoul,HEAD,3,5,KNOCKED_DOWN | BYPASS,EN,-2,KNOCKED_OUT,5004,5005
ghoul,HEAD,4,6,KNOCKED_OUT | BYPASS,-1,0,,5005,5000
ghoul,HEAD,5,6,DEAD,-1,0,,5401,5000
ghoul,LEFT_ARM,0,3,,-1,0,,5016,5000
ghoul,LEFT_ARM,1,3,,AG,0,DROP | LOSE_TURN,5001,5402
ghoul,LEFT_ARM,2,4,DROP | LOSE_TURN,EN,0,CRIP_ARM_LEFT,5402,5012
ghoul,LEFT_ARM,3,4,BYPASS | DROP | LOSE_TURN,EN,0,CRIP_ARM_LEFT,5403,5404
ghoul,LEFT_ARM,4,4,CRIP_ARM_LEFT | BYPASS | DROP,-1,0,,5404,5000
ghoul,LEFT_ARM,5,4,CRIP_ARM_LEFT | BYPASS | DROP,-1,0,,5404,5000
ghoul,RIGHT_ARM,0,3,,-1,0,,5016,5000
ghoul,RIGHT_ARM,1,3,,AG,0,DROP | LOSE_TURN,5001,5402
ghoul,RIGHT_ARM,2,4,DROP | LOSE_TURN,EN,0,CRIP_ARM_RIGHT,5402,5015
ghoul,RIGHT_ARM,3,4,BYPASS | DROP | LOSE_TURN,EN,0,CRIP_ARM_RIGHT,5403,5404
ghoul,RIGHT_ARM,4,4,CRIP_ARM_RIGHT | BYPASS | DROP,-1,0,,5404,5000
ghoul,RIGHT_ARM,5,4,CRIP_ARM_RIGHT | BYPASS | DROP,-1,0,,5404,5000
ghoul,TORSO,0,3,,-1,0,,5001,5000
ghoul,TORSO,1,3,BYPASS,-1,0,,5017,5000
ghoul,TORSO,2,3,,-1,0,,5018,5000
ghoul,TORSO,3,4,KNOCKED_DOWN | BYPASS,-1,0,,5004,5000
ghoul,TORSO,4,4,KNOCKED_OUT | BYPASS,-1,0,,5003,5000
ghoul,TORSO,5,6,DEAD,-1,0,,5007,5000
ghoul,RIGHT_LEG,0,3,,-1,0,,5001,5000
ghoul,RIGHT_LEG,1,3,,AG,0,KNOCKED_DOWN,5001,5023
ghoul,RIGHT_LEG,2,4,KNOCKED_DOWN,EN,0,CRIP_LEG_RIGHT,5023,5024
ghoul,RIGHT_LEG,3,4,KNOCKED_DOWN | CRIP_LEG_RIGHT,-1,0,,5024,5000
ghoul,RIGHT_LEG,4,4,KNOCKED_DOWN | CRIP_LEG_RIGHT | BYPASS,EN,0,KNOCKED_OUT,5024,5026
ghoul,RIGHT_LEG,5,4,KNOCKED_OUT | CRIP_LEG_RIGHT | BYPASS,-1,0,,5026,5000
ghoul,LEFT_LEG,0,3,,-1,0,,5001,5000
ghoul,LEFT_LEG,1,3,,AG,0,KNOCKED_DOWN,5001,5023
ghoul,LEFT_LEG,2,4,KNOCKED_DOWN,EN,0,CRIP_LEG_LEFT,5023,5024
ghoul,LEFT_LEG,3,4,KNOCKED_DOWN | CRIP_LEG_LEFT,-1,0,,5024,5000
ghoul,LEFT_LEG,4,4,KNOCKED_DOWN | CRIP_LEG_LEFT | BYPASS,EN,0,KNOCKED_OUT,5024,5026
ghoul,LEFT_LEG,5,4,KNOCKED_OUT | CRIP_LEG_LEFT | BYPASS,-1,0,,5026,5000
ghoul,EYES,0,4,,LK,3,BLIND,5001,5405
ghoul,EYES,1,4,BYPASS,LK,0,BLIND,5406,5407
ghoul,EYES,2,6,BYPASS,LK,-3,BLIND,5406,5407
ghoul,EYES,3,6,BLIND | BYPASS | LOSE_TURN,-1,0,,5030,5000
ghoul,EYES,4,8,KNOCKED_OUT | BLIND | BYPASS,-1,0,,5031,5000
ghoul,EYES,5,8,DEAD,-1,0,,5408,5000
ghoul,GROIN,0,3,,-1,0,,5001,5000
ghoul,GROIN,1,3,,LK,0,BYPASS,5001,5033
ghoul,GROIN,2,3,BYPASS,EN,0,KNOCKED_DOWN,5033,5035
ghoul,GROIN,3,3,KNOCKED_DOWN,-1,0,,5004,5000
ghoul,GROIN,4,4,KNOCKED_DOWN | BYPASS,EN,0,KNOCKED_OUT,5035,5036
ghoul,GROIN,5,4,KNOCKED_OUT | BYPASS,-1,0,,5036,5000
ghoul,UNCALLED,0,3,,-1,0,,5001,5000
ghoul,UNCALLED,1,3,BYPASS,-1,0,,5017,5000
ghoul,UNCALLED,2,3,,-1,0,,5018,5000
ghoul,UNCALLED,3,4,KNOCKED_DOWN | BYPASS,-1,0,,5004,5000
ghoul,UNCALLED,4,4,KNOCKED_OUT | BYPASS,-1,0,,5003,5000
ghoul,UNCALLED,5,6,DEAD,-1,0,,5007,5000
brahmin,HEAD,0,4,,-1,0,,5016,5000
brahmin,HEAD,1,4,,-1,0,,5016,5000
brahmin,HEAD,2,5,,EN,2,KNOCKED_DOWN,5016,5500
brahmin,HEAD,3,5,,EN,-1,KNOCKED_DOWN,5016,5500
brahmin,HEAD,4,6,KNOCKED_OUT,-1,0,,5501,5000
brahmin,HEAD,5,6,DEAD,-1,0,,5502,5000
brahmin,LEFT_ARM,0,3,,-1,0,,5001,5000
brahmin,LEFT_ARM,1,3,,-1,0,,5001,5000
brahmin,LEFT_ARM,2,4,,EN,0,CRIP_LEG_LEFT,5016,5503
brahmin,LEFT_ARM,3,4,,EN,0,CRIP_LEG_LEFT,5016,5503
brahmin,LEFT_ARM,4,4,CRIP_LEG_LEFT,-1,0,,5503,5000
brahmin,LEFT_ARM,5,4,CRIP_LEG_LEFT,-1,0,,5503,5000
brahmin,RIGHT_ARM,0,3,,-1,0,,5001,5000
brahmin,RIGHT_ARM,1,3,,-1,0,,5001,5000
brahmin,RIGHT_ARM,2,4,,EN,0,CRIP_LEG_RIGHT,5016,5503
brahmin,RIGHT_ARM,3,4,,EN,0,CRIP_LEG_RIGHT,5016,5503
brahmin,RIGHT_ARM,4,4,CRIP_LEG_RIGHT,-1,0,,5503,5000
brahmin,RIGHT_ARM,5,4,CRIP_LEG_RIGHT,-1,0,,5503,5000
brahmin,TORSO,0,3,,-1,0,,5504,5000
brahmin,TORSO,1,3,,-1,0,,5504,5000
brahmin,TORSO,2,4,,-1,0,,5504,5000
brahmin,TORSO,3,4,BYPASS,-1,0,,5505,5000
brahmin,TORSO,4,4,BYPASS,-1,0,,5505,5000
brahmin,TORSO,5,6,DEAD,-1,0,,5506,5000
brahmin,RIGHT_LEG,0,3,,-1,0,,5001,5000
brahmin,RIGHT_LEG,1,3,,-1,0,,5001,5000
brahmin,RIGHT_LEG,2,4,,EN,0,CRIP_LEG_RIGHT,5016,5503
brahmin,RIGHT_LEG,3,4,,EN,0,CRIP_LEG_RIGHT,5016,5503
brahmin,RIGHT_LEG,4,4,CRIP_LEG_RIGHT,-1,0,,5503,5000
brahmin,RIGHT_LEG,5,4,CRIP_LEG_RIGHT,-1,0,,5503,5000
brahmin,LEFT_LEG,0,3,,-1,0,,5001,5000
brahmin,LEFT_LEG,1,3,,-1,0,,5001,5000
brahmin,LEFT_LEG,2,4,,EN,0,CRIP_LEG_LEFT,5016,5503
brahmin,LEFT_LEG,3,4,,EN,0,CRIP_LEG_LEFT,5016,5503
brahmin,LEFT_LEG,4,4,CRIP_LEG_LEFT,-1,0,,5503,5000
brahmin,LEFT_LEG,5,4,CRIP_LEG_LEFT,-1,0,,5503,5000
brahmin,EYES,0,4,,-1,0,,5001,5000
brahmin,EYES,1,4,BYPASS,LK,0,BLIND,5029,5507
brahmin,EYES,2,6,BYPASS,LK,-3,BLIND,5029,5507
brahmin,EYES,3,6,BLIND | BYPASS | LOSE_TURN,-1,0,,5508,5000
brahmin,EYES,4,8,KNOCKED_OUT | BLIND | BYPASS,-1,0,,5509,5000
brahmin,EYES,5,8,DEAD,-1,0,,5510,5000
brahmin,GROIN,0,3,,-1,0,,5001,5000
brahmin,GROIN,1,3,BYPASS,-1,0,,5511,5000
brahmin,GROIN,2,3,BYPASS,-1,0,,5511,5000
brahmin,GROIN,3,4,BYPASS,-1,0,,5512,5000
brahmin,GROIN,4,4,BYPASS,-1,0,,5512,5000
brahmin,GROIN,5,6,BYPASS,-1,0,,5513,5000
brahmin,UNCALLED,0,3,,-1,0,,5504,5000
brahmin,UNCALLED,1,3,,-1,0,,5504,5000
brahmin,UNCALLED,2,4,,-1,0,,5504,5000
brahmin,UNCALLED,3,4,BYPASS,-1,0,,5505,5000
brahmin,UNCALLED,4,4,BYPASS,-1,0,,5505,5000
brahmin,UNCALLED,5,6,DEAD,-1,0,,5506,5000
radscorpion,HEAD,0,4,,-1,0,,5001,5000
radscorpion,HEAD,1,4,,EN,3,KNOCKED_DOWN,5001,5600
radscorpion,HEAD,2,5,,EN,0,KNOCKED_DOWN,5001,5600
radscorpion,HEAD,3,5,,EN,-3,KNOCKED_DOWN,5001,5600
radscorpion,HEAD,4,6,KNOCKED_DOWN,-1,0,,5600,5000
radscorpion,HEAD,5,6,DEAD,-1,0,,5601,5000
radscorpion,LEFT_ARM,0,3,,-1,0,,5001,5000
radscorpion,LEFT_ARM,1,3,,-1,0,,5001,5000
radscorpion,LEFT_ARM,2,4,,-1,0,,5016,5000
radscorpion,LEFT_ARM,3,4,,EN,0,CRIP_ARM_LEFT,5016,5602
radscorpion,LEFT_ARM,4,4,CRIP_ARM_LEFT,-1,0,,5602,5000
radscorpion,LEFT_ARM,5,4,CRIP_ARM_LEFT,-1,0,,5602,5000
radscorpion,RIGHT_ARM,0,3,,-1,0,,5001,5000
radscorpion,RIGHT_ARM,1,3,,-1,0,,5001,5000
radscorpion,RIGHT_ARM,2,4,,-1,0,,5016,5000
radscorpion,RIGHT_ARM,3,4,,EN,2,CRIP_ARM_RIGHT,5016,5603
radscorpion,RIGHT_ARM,4,4,,EN,0,CRIP_ARM_RIGHT,5016,5603
radscorpion,RIGHT_ARM,5,4,CRIP_ARM_RIGHT,-1,0,,5603,5000
radscorpion,TORSO,0,3,,-1,0,,5001,5000
radscorpion,TORSO,1,3,BYPASS,-1,0,,5604,5000
radscorpion,TORSO,2,4,,-1,0,,5016,5000
radscorpion,TORSO,3,4,BYPASS,-1,0,,5605,5000
radscorpion,TORSO,4,4,BYPASS,AG,0,KNOCKED_DOWN,5605,5606
radscorpion,TORSO,5,4,DEAD,-1,0,,5607,5000
radscorpion,RIGHT_LEG,0,3,,-1,0,,5001,5000
radscorpion,RIGHT_LEG,1,3,,AG,2,KNOCKED_DOWN,5001,5600
radscorpion,RIGHT_LEG,2,4,KNOCKED_DOWN,EN,0,CRIP_LEG_RIGHT,5600,5608
radscorpion,RIGHT_LEG,3,4,CRIP_LEG_RIGHT | BYPASS,-1,0,,5609,5000
radscorpion,RIGHT_LEG,4,4,KNOCKED_DOWN | CRIP_LEG_RIGHT | BYPASS,-1,0,,5608,5000
radscorpion,RIGHT_LEG,5,4,KNOCKED_DOWN | CRIP_LEG_RIGHT | BYPASS,-1,0,,5608,5000
radscorpion,LEFT_LEG,0,3,,-1,0,,5001,5000
radscorpion,LEFT_LEG,1,3,,AG,2,KNOCKED_DOWN,5001,5600
radscorpion,LEFT_LEG,2,4,KNOCKED_DOWN,EN,0,CRIP_LEG_LEFT,5600,5608
radscorpion,LEFT_LEG,3,4,CRIP_LEG_LEFT | BYPASS,-1,0,,5609,5000
radscorpion,LEFT_LEG,4,4,KNOCKED_DOWN | CRIP_LEG_LEFT | BYPASS,-1,0,,5608,5000
radscorpion,LEFT_LEG,5,4,KNOCKED_DOWN | CRIP_LEG_LEFT | BYPASS,-1,0,,5608,5000
radscorpion,EYES,0,4,,-1,0,,5001,5000
radscorpion,EYES,1,4,,AG,3,BLIND,5001,5610
radscorpion,EYES,2,6,,AG,0,BLIND,5016,5610
radscorpion,EYES,3,6,,AG,-3,BLIND,5016,5610
radscorpion,EYES,4,8,,AG,-3,BLIND,5611,5612
radscorpion,EYES,5,8,DEAD,-1,0,,5613,5000
radscorpion,GROIN,0,3,,-1,0,,5614,5000
radscorpion,GROIN,1,3,,-1,0,,5614,5000
radscorpion,GROIN,2,4,,-1,0,,5614,5000
radscorpion,GROIN,3,4,KNOCKED_OUT,-1,0,,5615,5000
radscorpion,GROIN,4,4,KNOCKED_OUT,-1,0,,5615,5000
radscorpion,GROIN,5,4,DEAD,-1,0,,5616,5000
radscorpion,UNCALLED,0,3,,-1,0,,5001,5000
radscorpion,UNCALLED,1,3,BYPASS,-1,0,,5604,5000
radscorpion,UNCALLED,2,4,,-1,0,,5016,5000
radscorpion,UNCALLED,3,4,BYPASS,-1,0,,5605,5000
radscorpion,UNCALLED,4,4,BYPASS,AG,0,KNOCKED_DOWN,5605,5606
radscorpion,UNCALLED,5,4,DEAD,-1,0,,5607,5000
rat,HEAD,0,4,BYPASS,-1,0,,5700,5000
rat,HEAD,1,4,BYPASS,-1,0,,5700,5000
rat,HEAD,2,4,DEAD,-1,0,,5701,5000
rat,HEAD,3,4,DEAD,-1,0,,5701,5000
rat,HEAD,4,6,DEAD,-1,0,,5701,5000
rat,HEAD,5,6,DEAD,-1,0,,5701,5000
rat,LEFT_ARM,0,3,CRIP_ARM_LEFT,-1,0,,5703,5000
rat,LEFT_ARM,1,3,CRIP_ARM_LEFT,-1,0,,5703,5000
rat,LEFT_ARM,2,3,CRIP_ARM_LEFT,-1,0,,5703,5000
rat,LEFT_ARM,3,4,CRIP_ARM_LEFT,-1,0,,5703,5000
rat,LEFT_ARM,4,4,CRIP_ARM_LEFT,-1,0,,5703,5000
rat,LEFT_ARM,5,4,CRIP_ARM_LEFT,-1,0,,5703,5000
rat,RIGHT_ARM,0,3,CRIP_ARM_RIGHT,-1,0,,5705,5000
rat,RIGHT_ARM,1,3,CRIP_ARM_RIGHT,-1,0,,5705,5000
rat,RIGHT_ARM,2,3,CRIP_ARM_RIGHT,-1,0,,5705,5000
rat,RIGHT_ARM,3,4,CRIP_ARM_RIGHT,-1,0,,5705,5000
rat,RIGHT_ARM,4,4,CRIP_ARM_RIGHT,-1,0,,5705,5000
rat,RIGHT_ARM,5,4,CRIP_ARM_RIGHT,-1,0,,5705,5000
rat,TORSO,0,3,,-1,0,,5706,5000
rat,TORSO,1,3,KNOCKED_DOWN,-1,0,,5707,5000
rat,TORSO,2,3,KNOCKED_DOWN,-1,0,,5707,5000
rat,TORSO,3,4,KNOCKED_DOWN,-1,0,,5707,5000
rat,TORSO,4,4,KNOCKED_DOWN,-1,0,,5707,5000
rat,TORSO,5,4,DEAD,-1,0,,5708,5000
rat,RIGHT_LEG,0,3,CRIP_LEG_RIGHT,-1,0,,5709,5000
rat,RIGHT_LEG,1,3,CRIP_LEG_RIGHT,-1,0,,5709,5000
rat,RIGHT_LEG,2,3,CRIP_LEG_RIGHT,-1,0,,5709,5000
rat,RIGHT_LEG,3,4,CRIP_LEG_RIGHT,-1,0,,5709,5000
rat,RIGHT_LEG,4,4,CRIP_LEG_RIGHT,-1,0,,5709,5000
rat,RIGHT_LEG,5,4,CRIP_LEG_RIGHT,-1,0,,5709,5000
rat,LEFT_LEG,0,3,CRIP_LEG_LEFT,-1,0,,5710,5000
rat,LEFT_LEG,1,3,CRIP_LEG_LEFT,-1,0,,5710,5000
rat,LEFT_LEG,2,3,CRIP_LEG_LEFT,-1,0,,5710,5000
rat,LEFT_LEG,3,4,CRIP_LEG_LEFT,-1,0,,5710,5000
rat,LEFT_LEG,4,4,CRIP_LEG_LEFT,-1,0,,5710,5000
rat,LEFT_LEG,5,4,CRIP_LEG_LEFT,-1,0,,5710,5000
rat,EYES,0,4,BYPASS,-1,0,,5711,5000
rat,EYES,1,4,DEAD,-1,0,,5712,5000
rat,EYES,2,4,DEAD,-1,0,,5712,5000
rat,EYES,3,6,DEAD,-1,0,,5712,5000
rat,EYES,4,6,DEAD,-1,0,,5712,5000
rat,EYES,5,6,DEAD,-1,0,,5712,5000
rat,GROIN,0,3,,-1,0,,5001,5000
rat,GROIN,1,3,,-1,0,,5001,5000
rat,GROIN,2,4,BYPASS,-1,0,,5711,5000
rat,GROIN,3,4,BYPASS,-1,0,,5711,5000
rat,GROIN,4,6,DEAD,-1,0,,5712,5000
rat,GROIN,5,6,DEAD,-1,0,,5712,5000
rat,UNCALLED,0,3,,-1,0,,5706,5000
rat,UNCALLED,1,3,KNOCKED_DOWN,-1,0,,5707,5000
rat,UNCALLED,2,3,KNOCKED_DOWN,-1,0,,5707,5000
rat,UNCALLED,3,4,KNOCKED_DOWN,-1,0,,5707,5000
rat,UNCALLED,4,4,KNOCKED_DOWN,-1,0,,5707,5000
rat,UNCALLED,5,4,DEAD,-1,0,,5708,5000
floater,HEAD,0,4,,-1,0,,5001,5000
floater,HEAD,1,4,,AG,0,KNOCKED_DOWN,5001,5800
floater,HEAD,2,5,,AG,-3,KNOCKED_DOWN,5016,5800
floater,HEAD,3,5,KNOCKED_DOWN,EN,0,KNOCKED_OUT,5800,5801
floater,HEAD,4,6,KNOCKED_DOWN,EN,-3,KNOCKED_OUT,5800,5801
floater,HEAD,5,6,DEAD,-1,0,,5802,5000
floater,LEFT_ARM,0,3,,-1,0,,5001,5000
floater,LEFT_ARM,1,3,,EN,0,LOSE_TURN,5001,5803
floater,LEFT_ARM,2,4,,EN,-2,LOSE_TURN,5001,5803
floater,LEFT_ARM,3,3,BYPASS | LOSE_TURN,-1,0,,5804,5000
floater,LEFT_ARM,4,4,BYPASS | LOSE_TURN,-1,0,,5804,5000
floater,LEFT_ARM,5,4,DEAD,-1,0,,5805,5000
floater,RIGHT_ARM,0,3,,-1,0,,5001,5000
floater,RIGHT_ARM,1,3,,EN,0,LOSE_TURN,5001,5803
floater,RIGHT_ARM,2,4,,EN,-2,LOSE_TURN,5001,5803
floater,RIGHT_ARM,3,3,BYPASS | LOSE_TURN,-1,0,,5804,5000
floater,RIGHT_ARM,4,4,BYPASS | LOSE_TURN,-1,0,,5804,5000
floater,RIGHT_ARM,5,4,DEAD,-1,0,,5805,5000
floater,TORSO,0,3,,-1,0,,5001,5000
floater,TORSO,1,3,,AG,0,KNOCKED_DOWN,5001,5800
floater,TORSO,2,3,,AG,-2,KNOCKED_DOWN,5001,5800
floater,TORSO,3,4,KNOCKED_DOWN,-1,0,,5800,5000
floater,TORSO,4,4,KNOCKED_DOWN | BYPASS,-1,0,,5804,5000
floater,TORSO,5,4,DEAD,-1,0,,5805,5000
floater,RIGHT_LEG,0,3,,-1,0,,5001,5000
floater,RIGHT_LEG,1,3,,AG,1,KNOCKED_DOWN,5001,5800
floater,RIGHT_LEG,2,4,,AG,-1,KNOCKED_DOWN,5001,5800
floater,RIGHT_LEG,3,4,KNOCKED_DOWN,EN,-1,CRIP_LEG_LEFT | CRIP_LEG_RIGHT,5800,5806
floater,RIGHT_LEG,4,4,KNOCKED_DOWN | BYPASS,EN,-3,CRIP_LEG_LEFT | CRIP_LEG_RIGHT,5804,5806
floater,RIGHT_LEG,5,6,DEAD | ON_FIRE,-1,0,,5807,5000
floater,LEFT_LEG,0,3,,-1,0,,5001,5000
floater,LEFT_LEG,1,3,,-1,0,,5001,5000
floater,LEFT_LEG,2,4,LOSE_TURN,-1,0,,5803,5000
floater,LEFT_LEG,3,4,LOSE_TURN,-1,0,,5803,5000
floater,LEFT_LEG,4,4,CRIP_ARM_LEFT | CRIP_ARM_RIGHT | LOSE_TURN,-1,0,,5808,5000
floater,LEFT_LEG,5,4,CRIP_ARM_LEFT | CRIP_ARM_RIGHT | LOSE_TURN,-1,0,,5808,5000
floater,EYES,0,4,,-1,0,,5001,5000
floater,EYES,1,4,BYPASS,-1,0,,5809,5000
floater,EYES,2,5,,EN,0,BLIND,5016,5810
floater,EYES,3,5,BYPASS,EN,-3,BLIND,5809,5810
floater,EYES,4,6,BLIND | BYPASS,-1,0,,5810,5000
floater,EYES,5,6,KNOCKED_DOWN | BLIND | BYPASS,-1,0,,5801,5000
floater,GROIN,0,3,,-1,0,,5001,5000
floater,GROIN,1,3,,-1,0,,5001,5000
floater,GROIN,2,3,,EN,0,KNOCKED_DOWN,5001,5800
floater,GROIN,3,3,,EN,-3,KNOCKED_DOWN,5001,5800
floater,GROIN,4,3,KNOCKED_DOWN | BYPASS,-1,0,,5800,5000
floater,GROIN,5,3,KNOCKED_DOWN | BYPASS,-1,0,,5800,5000
floater,UNCALLED,0,3,,-1,0,,5001,5000
floater,UNCALLED,1,3,,AG,0,KNOCKED_DOWN,5001,5800
floater,UNCALLED,2,3,,AG,-2,KNOCKED_DOWN,5001,5800
floater,UNCALLED,3,4,KNOCKED_DOWN,-1,0,,5800,5000
floater,UNCALLED,4,4,KNOCKED_DOWN | BYPASS,-1,0,,5804,5000
floater,UNCALLED,5,4,DEAD,-1,0,,5805,5000
centaur,HEAD,0,4,,-1,0,,5016,5000
centaur,HEAD,1,4,,EN,0,KNOCKED_DOWN | LOSE_TURN,5016,5900
centaur,HEAD,2,5,,EN,-3,KNOCKED_DOWN | LOSE_TURN,5016,5900
centaur,HEAD,3,5,BYPASS,EN,-3,KNOCKED_DOWN | LOSE_TURN,5901,5900
centaur,HEAD,4,6,BYPASS,EN,-3,KNOCKED_DOWN | LOSE_TURN,5901,5900
centaur,HEAD,5,6,DEAD,-1,0,,5902,5000
centaur,LEFT_ARM,0,3,,-1,0,,5001,5000
centaur,LEFT_ARM,1,3,,-1,0,,5001,5000
centaur,LEFT_ARM,2,4,,EN,0,LOSE_TURN,5016,5903
centaur,LEFT_ARM,3,4,,EN,0,CRIP_ARM_LEFT,5016,5904
centaur,LEFT_ARM,4,4,CRIP_ARM_LEFT,-1,0,,5904,5000
centaur,LEFT_ARM,5,4,CRIP_ARM_LEFT | BYPASS,-1,0,,5905,5000
centaur,RIGHT_ARM,0,3,,-1,0,,5001,5000
centaur,RIGHT_ARM,1,3,,-1,0,,5001,5000
centaur,RIGHT_ARM,2,4,,EN,0,LOSE_TURN,5016,5903
centaur,RIGHT_ARM,3,4,,EN,0,CRIP_ARM_RIGHT,5016,5904
centaur,RIGHT_ARM,4,4,CRIP_ARM_RIGHT,-1,0,,5904,5000
centaur,RIGHT_ARM,5,4,CRIP_ARM_RIGHT | BYPASS,-1,0,,5905,5000
centaur,TORSO,0,3,,-1,0,,5001,5000
centaur,TORSO,1,4,,-1,0,,5001,5000
centaur,TORSO,2,4,BYPASS,-1,0,,5901,5000
centaur,TORSO,3,4,BYPASS,EN,2,KNOCKED_DOWN,5901,5900
centaur,TORSO,4,5,KNOCKED_DOWN | BYPASS,-1,0,,5900,5000
centaur,TORSO,5,5,DEAD,-1,0,,5902,5000
centaur,RIGHT_LEG,0,3,,-1,0,,5001,5000
centaur,RIGHT_LEG,1,3,KNOCKED_DOWN,-1,0,,5900,5000
centaur,RIGHT_LEG,2,4,KNOCKED_DOWN,EN,0,CRIP_LEG_RIGHT,5900,5906
centaur,RIGHT_LEG,3,4,KNOCKED_DOWN | CRIP_LEG_RIGHT,-1,0,,5906,5000
centaur,RIGHT_LEG,4,4,KNOCKED_DOWN | CRIP_LEG_RIGHT,-1,0,,5906,5000
centaur,RIGHT_LEG,5,4,KNOCKED_DOWN | CRIP_LEG_RIGHT | LOSE_TURN,-1,0,,5907,5000
centaur,LEFT_LEG,0,3,,-1,0,,5001,5000
centaur,LEFT_LEG,1,3,KNOCKED_DOWN,-1,0,,5900,5000
centaur,LEFT_LEG,2,4,KNOCKED_DOWN,EN,0,CRIP_LEG_LEFT,5900,5906
centaur,LEFT_LEG,3,4,KNOCKED_DOWN | CRIP_LEG_LEFT,-1,0,,5906,5000
centaur,LEFT_LEG,4,4,KNOCKED_DOWN | CRIP_LEG_LEFT,-1,0,,5906,5000
centaur,LEFT_LEG,5,4,KNOCKED_DOWN | CRIP_LEG_LEFT | LOSE_TURN,-1,0,,5907,5000
centaur,EYES,0,4,,-1,0,,5001,5000
centaur,EYES,1,4,,EN,1,BLIND,5001,5908
centaur,EYES,2,6,BYPASS,EN,-1,BLIND,5901,5908
centaur,EYES,3,6,BLIND | BYPASS | LOSE_TURN,-1,0,,5909,5000
centaur,EYES,4,8,KNOCKED_OUT | BLIND | BYPASS,-1,0,,5910,5000
centaur,EYES,5,8,DEAD,-1,0,,5911,5000
centaur,GROIN,0,2,,-1,0,,5912,5000
centaur,GROIN,1,2,,-1,0,,5912,5000
centaur,GROIN,2,2,,-1,0,,5912,5000
centaur,GROIN,3,2,,-1,0,,5912,5000
centaur,GROIN,4,2,,-1,0,,5912,5000
centaur,GROIN,5,2,,-1,0,,5912,5000
centaur,UNCALLED,0,3,,-1,0,,5001,5000
centaur,UNCALLED,1,4,,-1,0,,5001,5000
centaur,UNCALLED,2,4,BYPASS,-1,0,,5901,5000
centaur,UNCALLED,3,4,BYPASS,EN,2,KNOCKED_DOWN,5901,5900
centaur,UNCALLED,4,5,KNOCKED_DOWN | BYPASS,-1,0,,5900,5000
centaur,UNCALLED,5,5,DEAD,-1,0,,5902,5000
robot,HEAD,0,4,,-1,0,,6000,5000
robot,HEAD,1,4,,-1,0,,6000,5000
robot,HEAD,2,5,,-1,0,,6000,5000
robot,HEAD,3,5,KNOCKED_DOWN,-1,0,,6001,5000
robot,HEAD,4,6,KNOCKED_DOWN | BYPASS,-1,0,,6002,5000
robot,HEAD,5,6,DEAD,-1,0,,6003,5000
robot,LEFT_ARM,0,3,,-1,0,,6000,5000
robot,LEFT_ARM,1,3,,-1,0,,6000,5000
robot,LEFT_ARM,2,3,,EN,0,CRIP_ARM_LEFT,6000,6004
robot,LEFT_ARM,3,3,,EN,-3,CRIP_ARM_LEFT,6000,6004
robot,LEFT_ARM,4,4,CRIP_ARM_LEFT,-1,0,,6004,5000
robot,LEFT_ARM,5,4,CRIP_ARM_LEFT,EN,0,CRIP_ARM_RIGHT,6004,6005
robot,RIGHT_ARM,0,3,,-1,0,,6000,5000
robot,RIGHT_ARM,1,3,,-1,0,,6000,5000
robot,RIGHT_ARM,2,3,,EN,0,CRIP_ARM_RIGHT,6000,6004
robot,RIGHT_ARM,3,3,,EN,-3,CRIP_ARM_RIGHT,6000,6004
robot,RIGHT_ARM,4,4,CRIP_ARM_RIGHT,-1,0,,6004,5000
robot,RIGHT_ARM,5,4,CRIP_ARM_RIGHT,EN,0,CRIP_ARM_LEFT,6004,6005
robot,TORSO,0,3,,-1,0,,6000,5000
robot,TORSO,1,3,BYPASS,-1,0,,6006,5000
robot,TORSO,2,4,,-1,0,,6007,5000
robot,TORSO,3,4,BYPASS,-1,0,,6008,5000
robot,TORSO,4,6,BYPASS,-1,0,,6009,5000
robot,TORSO,5,6,DEAD,-1,0,,6010,5000
robot,RIGHT_LEG,0,3,,-1,0,,6000,5000
robot,RIGHT_LEG,1,4,,-1,0,,6007,5000
robot,RIGHT_LEG,2,3,,EN,0,CRIP_LEG_RIGHT,6000,6004
robot,RIGHT_LEG,3,4,,EN,-4,CRIP_LEG_RIGHT,6007,6004
robot,RIGHT_LEG,4,4,CRIP_LEG_RIGHT,EN,0,KNOCKED_DOWN,6004,6011
robot,RIGHT_LEG,5,4,CRIP_LEG_RIGHT,EN,-3,KNOCKED_DOWN | CRIP_LEG_LEFT,6004,6012
robot,LEFT_LEG,0,3,,-1,0,,6000,5000
robot,LEFT_LEG,1,4,,-1,0,,6007,5000
robot,LEFT_LEG,2,3,,EN,0,CRIP_LEG_LEFT,6000,6004
robot,LEFT_LEG,3,4,,EN,-4,CRIP_LEG_LEFT,6007,6004
robot,LEFT_LEG,4,4,CRIP_LEG_LEFT,EN,0,KNOCKED_DOWN,6004,6011
robot,LEFT_LEG,5,4,CRIP_LEG_LEFT,EN,-3,KNOCKED_DOWN | CRIP_LEG_RIGHT,6004,6012
robot,EYES,0,3,,-1,0,,6000,5000
robot,EYES,1,3,,EN,0,BLIND,6000,6013
robot,EYES,2,3,,EN,-2,BLIND,6000,6013
robot,EYES,3,3,,EN,-4,BLIND,6000,6013
robot,EYES,4,3,,EN,-6,BLIND,6000,6013
robot,EYES,5,3,BLIND,-1,0,,6013,5000
robot,GROIN,0,3,,-1,0,,6000,5000
robot,GROIN,1,3,,-1,0,,6000,5000
robot,GROIN,2,3,,EN,-1,KNOCKED_DOWN | LOSE_TURN,6000,6002
robot,GROIN,3,3,,EN,-4,KNOCKED_DOWN | LOSE_TURN,6000,6002
robot,GROIN,4,3,KNOCKED_DOWN | LOSE_TURN,EN,0,CRIP_RANDOM,6002,6003
robot,GROIN,5,3,KNOCKED_DOWN | LOSE_TURN,EN,-4,CRIP_RANDOM,6002,6003
robot,UNCALLED,0,3,,-1,0,,6000,5000
robot,UNCALLED,1,3,BYPASS,-1,0,,6006,5000
robot,UNCALLED,2,4,,-1,0,,6007,5000
robot,UNCALLED,3,4,BYPASS,-1,0,,6008,5000
robot,UNCALLED,4,6,BYPASS,-1,0,,6009,5000
robot,UNCALLED,5,6,DEAD,-1,0,,6010,5000
dog,HEAD,0,4,,-1,0,,5016,5000
dog,HEAD,1,4,,EN,0,KNOCKED_DOWN,5016,6100
dog,HEAD,2,4,,EN,-3,KNOCKED_DOWN,5016,6100
dog,HEAD,3,4,,EN,-6,CRIP_ARM_LEFT | CRIP_ARM_RIGHT,5016,6101
dog,HEAD,4,4,KNOCKED_DOWN,EN,-3,KNOCKED_OUT,6100,6102
dog,HEAD,5,4,DEAD,-1,0,,6103,5000
dog,LEFT_ARM,0,3,,-1,0,,5001,5000
dog,LEFT_ARM,1,3,,EN,-1,CRIP_LEG_LEFT,5001,6104
dog,LEFT_ARM,2,3,,EN,-3,CRIP_LEG_LEFT,5001,6104
dog,LEFT_ARM,3,3,,EN,-5,KNOCKED_DOWN | CRIP_LEG_LEFT,5001,6105
dog,LEFT_ARM,4,3,CRIP_LEG_LEFT,AG,-1,KNOCKED_DOWN,6104,6105
dog,LEFT_ARM,5,3,KNOCKED_DOWN | CRIP_LEG_LEFT,-1,0,,6105,5000
dog,RIGHT_ARM,0,3,,-1,0,,5001,5000
dog,RIGHT_ARM,1,3,,EN,-1,CRIP_LEG_RIGHT,5001,6104
dog,RIGHT_ARM,2,3,,EN,-3,CRIP_LEG_RIGHT,5001,6104
dog,RIGHT_ARM,3,3,,EN,-5,KNOCKED_DOWN | CRIP_LEG_RIGHT,5001,6105
dog,RIGHT_ARM,4,3,CRIP_LEG_RIGHT,AG,-1,KNOCKED_DOWN,6104,6105
dog,RIGHT_ARM,5,3,KNOCKED_DOWN | CRIP_LEG_RIGHT,-1,0,,6105,5000
dog,TORSO,0,3,,-1,0,,5001,5000
dog,TORSO,1,3,,AG,-1,KNOCKED_DOWN,5001,6100
dog,TORSO,2,4,,-1,0,,5016,5000
dog,TORSO,3,4,,AG,-3,KNOCKED_DOWN,5016,6100
dog,TORSO,4,4,KNOCKED_DOWN,-1,0,,6100,5000
dog,TORSO,5,6,DEAD,-1,0,,6103,5000
dog,RIGHT_LEG,0,3,,EN,1,CRIP_LEG_RIGHT,5001,6104
dog,RIGHT_LEG,1,3,,EN,0,CRIP_LEG_RIGHT,5001,6104
dog,RIGHT_LEG,2,3,,EN,-2,CRIP_LEG_RIGHT,5001,6104
dog,RIGHT_LEG,3,3,,EN,-4,KNOCKED_DOWN | CRIP_LEG_RIGHT,5001,6105
dog,RIGHT_LEG,4,3,CRIP_LEG_RIGHT,AG,-1,KNOCKED_DOWN,6104,6105
dog,RIGHT_LEG,5,3,KNOCKED_DOWN | CRIP_LEG_RIGHT,-1,0,,6105,5000
dog,LEFT_LEG,0,3,,EN,1,CRIP_LEG_LEFT,5001,6104
dog,LEFT_LEG,1,3,,EN,0,CRIP_LEG_LEFT,5001,6104
dog,LEFT_LEG,2,3,,EN,-2,CRIP_LEG_LEFT,5001,6104
dog,LEFT_LEG,3,3,,EN,-4,KNOCKED_DOWN | CRIP_LEG_LEFT,5001,6105
dog,LEFT_LEG,4,3,CRIP_LEG_LEFT,AG,-1,KNOCKED_DOWN,6104,6105
dog,LEFT_LEG,5,3,KNOCKED_DOWN | CRIP_LEG_LEFT,-1,0,,6105,5000
dog,EYES,0,4,,-1,0,,5001,5000
dog,EYES,1,4,BYPASS,-1,0,,5018,5000
dog,EYES,2,6,BYPASS,-1,0,,5018,5000
dog,EYES,3,6,BYPASS,EN,3,BLIND,5018,6106
dog,EYES,4,8,BYPASS,EN,0,BLIND,5018,6106
dog,EYES,5,8,DEAD,-1,0,,6107,5000
dog,GROIN,0,3,,-1,0,,5001,5000
dog,GROIN,1,3,,AG,-2,KNOCKED_DOWN,5001,6100
dog,GROIN,2,4,,-1,0,,5016,5000
dog,GROIN,3,4,,AG,-5,KNOCKED_DOWN,5016,6100
dog,GROIN,4,4,KNOCKED_DOWN,-1,0,,6100,5000
dog,GROIN,5,6,DEAD,-1,0,,6103,5000
dog,UNCALLED,0,3,,-1,0,,5001,5000
dog,UNCALLED,1,3,,AG,-1,KNOCKED_DOWN,5001,6100
dog,UNCALLED,2,4,,-1,0,,5016,5000
dog,UNCALLED,3,4,,AG,-3,KNOCKED_DOWN,5016,6100
dog,UNCALLED,4,4,KNOCKED_DOWN,-1,0,,6100,5000
dog,UNCALLED,5,6,DEAD,-1,0,,6103,5000
manti,HEAD,0,4,,-1,0,,5001,5000
manti,HEAD,1,4,,EN,0,KNOCKED_DOWN,5001,6200
manti,HEAD,2,5,,EN,-3,KNOCKED_DOWN,5016,6200
manti,HEAD,3,5,KNOCKED_DOWN,EN,-1,KNOCKED_OUT,6200,6201
manti,HEAD,4,6,KNOCKED_DOWN,EN,-3,KNOCKED_OUT,6200,6201
manti,HEAD,5,6,DEAD,-1,0,,6202,5000
manti,LEFT_ARM,0,3,,EN,0,CRIP_ARM_LEFT,5001,6203
manti,LEFT_ARM,1,3,,EN,0,CRIP_ARM_LEFT,5001,6203
manti,LEFT_ARM,2,3,,EN,-2,CRIP_ARM_LEFT,5001,6203
manti,LEFT_ARM,3,4,,EN,-4,CRIP_ARM_LEFT,5016,6203
manti,LEFT_ARM,4,4,,EN,-4,CRIP_ARM_LEFT,5016,6203
manti,LEFT_ARM,5,4,CRIP_ARM_LEFT | LOSE_TURN,-1,0,,6204,5000
manti,RIGHT_ARM,0,3,,EN,0,CRIP_ARM_RIGHT,5001,6203
manti,RIGHT_ARM,1,3,,EN,0,CRIP_ARM_RIGHT,5001,6203
manti,RIGHT_ARM,2,3,,EN,-2,CRIP_ARM_RIGHT,5001,6203
manti,RIGHT_ARM,3,4,,EN,-4,CRIP_ARM_RIGHT,5016,6203
manti,RIGHT_ARM,4,4,,EN,-4,CRIP_ARM_RIGHT,5016,6203
manti,RIGHT_ARM,5,4,CRIP_ARM_RIGHT | LOSE_TURN,-1,0,,6204,5000
manti,TORSO,0,3,,-1,0,,1000,5000
manti,TORSO,1,3,,EN,0,BYPASS,5001,6205
manti,TORSO,2,3,,EN,-2,BYPASS,5001,6205
manti,TORSO,3,4,,EN,-2,BYPASS,5016,6205
manti,TORSO,4,4,,EN,-4,BYPASS,5016,6205
manti,TORSO,5,6,DEAD,-1,0,,6206,5000
manti,RIGHT_LEG,0,3,,AG,0,KNOCKED_DOWN,5001,6201
manti,RIGHT_LEG,1,3,,AG,-2,KNOCKED_DOWN,5001,6201
manti,RIGHT_LEG,2,4,,AG,-4,KNOCKED_DOWN,5001,6201
manti,RIGHT_LEG,3,3,KNOCKED_DOWN,EN,0,CRIP_LEG_RIGHT,6201,6203
manti,RIGHT_LEG,4,4,KNOCKED_DOWN,EN,-3,CRIP_LEG_RIGHT,6201,6203
manti,RIGHT_LEG,5,4,KNOCKED_DOWN | CRIP_LEG_RIGHT,-1,0,,6207,5000
manti,LEFT_LEG,0,3,,AG,0,KNOCKED_DOWN,5001,6201
manti,LEFT_LEG,1,3,,AG,-3,KNOCKED_DOWN,5001,6201
manti,LEFT_LEG,2,3,KNOCKED_DOWN,EN,-2,CRIP_LEG_LEFT,6201,6208
manti,LEFT_LEG,3,3,KNOCKED_DOWN,EN,-2,CRIP_LEG_LEFT,6201,6208
manti,LEFT_LEG,4,3,KNOCKED_DOWN,EN,-5,CRIP_LEG_LEFT,6201,6208
manti,LEFT_LEG,5,3,KNOCKED_DOWN | CRIP_LEG_LEFT,-1,0,,6208,5000
manti,EYES,0,4,,-1,0,,5001,5000
manti,EYES,1,4,BYPASS,EN,0,LOSE_TURN,6205,6209
manti,EYES,2,6,BYPASS,EN,-3,LOSE_TURN,6205,6209
manti,EYES,3,6,BYPASS | LOSE_TURN,EN,-3,BLIND,6209,6210
manti,EYES,4,8,KNOCKED_DOWN | BYPASS | LOSE_TURN,EN,-3,BLIND,6209,6210
manti,EYES,5,8,DEAD,-1,0,,6202,5000
manti,GROIN,0,3,,-1,0,,5001,5000
manti,GROIN,1,3,,-1,0,,5001,5000
manti,GROIN,2,3,BYPASS,-1,0,,6205,5000
manti,GROIN,3,4,,-1,0,,5016,5000
manti,GROIN,4,4,,-1,0,,5016,5000
manti,GROIN,5,4,KNOCKED_DOWN | BYPASS,-1,0,,6209,5000
manti,UNCALLED,0,3,,-1,0,,1000,5000
manti,UNCALLED,1,3,,EN,0,BYPASS,5001,6205
manti,UNCALLED,2,3,,EN,-2,BYPASS,5001,6205
manti,UNCALLED,3,4,,EN,-2,BYPASS,5016,6205
manti,UNCALLED,4,4,,EN,-4,BYPASS,5016,6205
manti,UNCALLED,5,6,DEAD,-1,0,,6206,5000
deathclaw,HEAD,0,4,,-1,0,,5016,5000
deathclaw,HEAD,1,4,,EN,0,KNOCKED_DOWN,5016,5023
deathclaw,HEAD,2,5,,EN,-3,KNOCKED_DOWN,5016,5023
deathclaw,HEAD,3,5,,EN,-5,KNOCKED_DOWN,5016,5023
deathclaw,HEAD,4,6,,EN,-4,KNOCKED_DOWN | LOSE_TURN,5016,5004
deathclaw,HEAD,5,6,,EN,-5,KNOCKED_DOWN | LOSE_TURN,5016,5004
deathclaw,LEFT_ARM,0,3,,-1,0,,5001,5000
deathclaw,LEFT_ARM,1,3,,EN,0,CRIP_ARM_LEFT,5001,5011
deathclaw,LEFT_ARM,2,3,,EN,-2,CRIP_ARM_LEFT,5001,5011
deathclaw,LEFT_ARM,3,3,,EN,-4,CRIP_ARM_LEFT,5001,5011
deathclaw,LEFT_ARM,4,3,,EN,-6,CRIP_ARM_LEFT,5001,5011
deathclaw,LEFT_ARM,5,3,,EN,-8,CRIP_ARM_LEFT,5001,5011
deathclaw,RIGHT_ARM,0,3,,-1,0,,5001,5000
deathclaw,RIGHT_ARM,1,3,,EN,0,CRIP_ARM_RIGHT,5001,5014
deathclaw,RIGHT_ARM,2,3,,EN,-2,CRIP_ARM_RIGHT,5001,5014
deathclaw,RIGHT_ARM,3,3,,EN,-4,CRIP_ARM_RIGHT,5001,5014
deathclaw,RIGHT_ARM,4,3,,EN,-6,CRIP_ARM_RIGHT,5001,5014
deathclaw,RIGHT_ARM,5,3,,EN,-8,CRIP_ARM_RIGHT,5001,5014
deathclaw,TORSO,0,3,,-1,0,,5001,5000
deathclaw,TORSO,1,3,,EN,-1,BYPASS,5001,6300
deathclaw,TORSO,2,4,,-1,0,,5016,5000
deathclaw,TORSO,3,4,,EN,-1,BYPASS,5016,6300
deathclaw,TORSO,4,5,KNOCKED_DOWN | BYPASS,-1,0,,5004,5000
deathclaw,TORSO,5,5,KNOCKED_DOWN | BYPASS | LOSE_TURN,-1,0,,5005,5000
deathclaw,RIGHT_LEG,0,3,,AG,0,KNOCKED_DOWN,5001,5004
deathclaw,RIGHT_LEG,1,3,,EN,0,CRIP_LEG_RIGHT,5001,5004
deathclaw,RIGHT_LEG,2,3,KNOCKED_DOWN,EN,-2,CRIP_LEG_RIGHT,5001,5004
deathclaw,RIGHT_LEG,3,4,KNOCKED_DOWN,EN,-4,CRIP_LEG_RIGHT,5016,5022
deathclaw,RIGHT_LEG,4,4,KNOCKED_DOWN,EN,-5,CRIP_LEG_RIGHT,5023,5024
deathclaw,RIGHT_LEG,5,4,KNOCKED_DOWN,EN,-6,CRIP_LEG_RIGHT,5023,5024
deathclaw,LEFT_LEG,0,3,,AG,0,KNOCKED_DOWN,5001,5004
deathclaw,LEFT_LEG,1,3,,EN,0,CRIP_LEG_LEFT,5001,5004
deathclaw,LEFT_LEG,2,3,KNOCKED_DOWN,EN,-2,CRIP_LEG_LEFT,5001,5004
deathclaw,LEFT_LEG,3,4,KNOCKED_DOWN,EN,-4,CRIP_LEG_LEFT,5016,5022
deathclaw,LEFT_LEG,4,4,KNOCKED_DOWN,EN,-5,CRIP_LEG_LEFT,5023,5024
deathclaw,LEFT_LEG,5,4,KNOCKED_DOWN,EN,-6,CRIP_LEG_LEFT,5023,5024
deathclaw,EYES,0,4,,-1,0,,5001,5000
deathclaw,EYES,1,4,,EN,-3,LOSE_TURN,5001,6301
deathclaw,EYES,2,6,BYPASS,EN,-6,LOSE_TURN,6300,6301
deathclaw,EYES,3,6,BYPASS,EN,-2,BLIND,6301,6302
deathclaw,EYES,4,8,BLIND | BYPASS,-1,0,,6302,5000
deathclaw,EYES,5,8,BLIND | BYPASS,-1,0,,6302,5000
deathclaw,GROIN,0,3,,-1,0,,5001,5000
deathclaw,GROIN,1,3,,-1,0,,5001,5000
deathclaw,GROIN,2,4,,-1,0,,5001,5000
deathclaw,GROIN,3,4,,-1,0,,5016,5000
deathclaw,GROIN,4,5,,AG,0,KNOCKED_DOWN,5016,5004
deathclaw,GROIN,5,5,,AG,-3,KNOCKED_DOWN,5016,5004
deathclaw,UNCALLED,0,3,,-1,0,,5001,5000
deathclaw,UNCALLED,1,3,,EN,-1,BYPASS,5001,6300
deathclaw,UNCALLED,2,4,,-1,0,,5016,5000
deathclaw,UNCALLED,3,4,,EN,-1,BYPASS,5016,6300
deathclaw,UNCALLED,4,5,KNOCKED_DOWN | BYPASS,-1,0,,5004,5000
deathclaw,UNCALLED,5,5,KNOCKED_DOWN | BYPASS | LOSE_TURN,-1,0,,5005,5000
plant,HEAD,0,4,,-1,0,,6405,5000
plant,HEAD,1,4,BYPASS,-1,0,,6400,5000
plant,HEAD,2,5,,-1,0,,6401,5000
plant,HEAD,3,5,BYPASS,-1,0,,6402,5000
plant,HEAD,4,6,BYPASS,EN,-3,LOSE_TURN,6402,6403
plant,HEAD,5,6,BYPASS,EN,-6,LOSE_TURN,6402,6403
plant,LEFT_ARM,0,3,,-1,0,,6405,5000
plant,LEFT_ARM,1,3,,-1,0,,6405,5000
plant,LEFT_ARM,2,3,,-1,0,,6405,5000
plant,LEFT_ARM,3,3,,-1,0,,6405,5000
plant,LEFT_ARM,4,3,,-1,0,,6405,5000
plant,LEFT_ARM,5,3,,-1,0,,6405,5000
plant,RIGHT_ARM,0,3,,-1,0,,6405,5000
plant,RIGHT_ARM,1,3,,-1,0,,6405,5000
plant,RIGHT_ARM,2,3,,-1,0,,6405,5000
plant,RIGHT_ARM,3,3,,-1,0,,6405,5000
plant,RIGHT_ARM,4,3,,-1,0,,6405,5000
plant,RIGHT_ARM,5,3,,-1,0,,6405,5000
plant,TORSO,0,3,,-1,0,,6405,5000
plant,TORSO,1,3,,-1,0,,6405,5000
plant,TORSO,2,3,BYPASS,-1,0,,6400,5000
plant,TORSO,3,4,,-1,0,,6401,5000
plant,TORSO,4,4,,-1,0,,6401,5000
plant,TORSO,5,4,BYPASS,-1,0,,6402,5000
plant,RIGHT_LEG,0,3,,-1,0,,6405,5000
plant,RIGHT_LEG,1,3,,-1,0,,6405,5000
plant,RIGHT_LEG,2,3,,-1,0,,6405,5000
plant,RIGHT_LEG,3,3,,-1,0,,6405,5000
plant,RIGHT_LEG,4,3,,-1,0,,6405,5000
plant,RIGHT_LEG,5,3,,-1,0,,6405,5000
plant,LEFT_LEG,0,3,,-1,0,,6405,5000
plant,LEFT_LEG,1,3,,-1,0,,6405,5000
plant,LEFT_LEG,2,3,,-1,0,,6405,5000
plant,LEFT_LEG,3,3,,-1,0,,6405,5000
plant,LEFT_LEG,4,3,,-1,0,,6405,5000
plant,LEFT_LEG,5,3,,-1,0,,6405,5000
plant,EYES,0,4,,-1,0,,6405,5000
plant,EYES,1,4,BYPASS,-1,0,,6400,5000
plant,EYES,2,5,,-1,0,,6401,5000
plant,EYES,3,5,BYPASS,-1,0,,6402,5000
plant,EYES,4,6,BYPASS,EN,-4,BLIND,6402,6406
plant,EYES,5,6,BLIND | BYPASS,-1,0,,6406,6404
plant,GROIN,0,3,,-1,0,,6405,5000
plant,GROIN,1,3,,-1,0,,6405,5000
plant,GROIN,2,4,BYPASS,-1,0,,6402,5000
plant,GROIN,3,4,BYPASS,-1,0,,6402,5000
plant,GROIN,4,5,BYPASS,EN,-3,LOSE_TURN,6402,6403
plant,GROIN,5,5,BYPASS,EN,-6,LOSE_TURN,6402,6403
plant,UNCALLED,0,3,,-1,0,,6405,5000
plant,UNCALLED,1,3,,-1,0,,6405,5000
plant,UNCALLED,2,3,BYPASS,-1,0,,6400,5000
plant,UNCALLED,3,4,,-1,0,,6401,5000
plant,UNCALLED,4,4,,-1,0,,6401,5000
plant,UNCALLED,5,4,BYPASS,-1,0,,6402,5000
gecko,HEAD,0,4,,-1,0,,6701,5000
gecko,HEAD,1,4,BYPASS,EN,0,KNOCKED_OUT,6700,5003
gecko,HEAD,2,5,BYPASS,EN,-3,KNOCKED_OUT,6700,5003
gecko,HEAD,3,5,KNOCKED_DOWN | BYPASS,EN,-3,KNOCKED_OUT,6700,5003
gecko,HEAD,4,6,KNOCKED_OUT | BYPASS,LK,0,BLIND,6700,5006
gecko,HEAD,5,6,DEAD,-1,0,,6700,5000
gecko,LEFT_ARM,0,3,,-1,0,,6702,5000
gecko,LEFT_ARM,1,3,LOSE_TURN,-1,0,,6702,5000
gecko,LEFT_ARM,2,4,,EN,-3,CRIP_ARM_LEFT,6702,5011
gecko,LEFT_ARM,3,4,CRIP_ARM_LEFT | BYPASS,-1,0,,6702,5000
gecko,LEFT_ARM,4,4,CRIP_ARM_LEFT | BYPASS,-1,0,,6702,5000
gecko,LEFT_ARM,5,4,CRIP_ARM_LEFT | BYPASS,-1,0,,6702,5000
gecko,RIGHT_ARM,0,3,,-1,0,,6702,5000
gecko,RIGHT_ARM,1,3,LOSE_TURN,-1,0,,6702,5000
gecko,RIGHT_ARM,2,4,,EN,-3,CRIP_ARM_RIGHT,6702,5014
gecko,RIGHT_ARM,3,4,CRIP_ARM_RIGHT | BYPASS,-1,0,,6702,5000
gecko,RIGHT_ARM,4,4,CRIP_ARM_RIGHT | BYPASS,-1,0,,6702,5000
gecko,RIGHT_ARM,5,4,CRIP_ARM_RIGHT | BYPASS,-1,0,,6702,5000
gecko,TORSO,0,3,,-1,0,,6701,5000
gecko,TORSO,1,3,BYPASS,-1,0,,6701,5000
gecko,TORSO,2,4,KNOCKED_DOWN | BYPASS,-1,0,,6704,5000
gecko,TORSO,3,4,KNOCKED_DOWN | BYPASS,-1,0,,6704,5000
gecko,TORSO,4,6,KNOCKED_OUT | BYPASS,-1,0,,6704,5000
gecko,TORSO,5,6,DEAD,-1,0,,6704,5000
gecko,RIGHT_LEG,0,3,KNOCKED_DOWN,-1,0,,6705,5000
gecko,RIGHT_LEG,1,3,KNOCKED_DOWN,EN,0,CRIP_LEG_RIGHT,6705,5024
gecko,RIGHT_LEG,2,4,KNOCKED_DOWN,EN,-3,CRIP_LEG_RIGHT,6705,5024
gecko,RIGHT_LEG,3,4,KNOCKED_DOWN | CRIP_LEG_RIGHT | BYPASS,-1,0,,6705,5000
gecko,RIGHT_LEG,4,4,KNOCKED_DOWN | CRIP_LEG_RIGHT | BYPASS,EN,0,KNOCKED_OUT,6705,5026
gecko,RIGHT_LEG,5,4,KNOCKED_OUT | CRIP_LEG_RIGHT | BYPASS,-1,0,,6705,5000
gecko,LEFT_LEG,0,3,KNOCKED_DOWN,-1,0,,6705,5000
gecko,LEFT_LEG,1,3,KNOCKED_DOWN,EN,0,CRIP_LEG_LEFT,6705,5024
gecko,LEFT_LEG,2,4,KNOCKED_DOWN,EN,-3,CRIP_LEG_LEFT,6705,5024
gecko,LEFT_LEG,3,4,KNOCKED_DOWN | CRIP_LEG_LEFT | BYPASS,-1,0,,6705,5000
gecko,LEFT_LEG,4,4,KNOCKED_DOWN | CRIP_LEG_LEFT | BYPASS,EN,0,KNOCKED_OUT,6705,5026
gecko,LEFT_LEG,5,4,KNOCKED_OUT | CRIP_LEG_LEFT | BYPASS,-1,0,,6705,5000
gecko,EYES,0,4,,LK,4,BLIND,6700,5028
gecko,EYES,1,4,BYPASS,LK,3,BLIND,6700,5028
gecko,EYES,2,6,BYPASS,LK,2,BLIND,6700,5028
gecko,EYES,3,6,BLIND | BYPASS | LOSE_TURN,-1,0,,6700,5000
gecko,EYES,4,8,KNOCKED_OUT | BLIND | BYPASS,-1,0,,6700,5000
gecko,EYES,5,8,DEAD,-1,0,,6700,5000
gecko,GROIN,0,3,,-1,0,,6703,5000
gecko,GROIN,1,3,BYPASS,EN,-3,KNOCKED_DOWN,6703,5035
gecko,GROIN,2,3,KNOCKED_DOWN,EN,-3,KNOCKED_OUT,6703,5036
gecko,GROIN,3,3,KNOCKED_OUT,-1,0,,6703,5000
gecko,GROIN,4,4,KNOCKED_DOWN | BYPASS,EN,0,KNOCKED_OUT,6703,5036
gecko,GROIN,5,4,KNOCKED_OUT | BYPASS,-1,0,,6703,5000
gecko,UNCALLED,0,3,,-1,0,,6701,5000
gecko,UNCALLED,1,3,BYPASS,-1,0,,6701,5000
gecko,UNCALLED,2,4,KNOCKED_DOWN | BYPASS,-1,0,,6704,5000
gecko,UNCALLED,3,4,KNOCKED_DOWN | BYPASS,-1,0,,6704,5000
gecko,UNCALLED,4,6,KNOCKED_OUT | BYPASS,-1,0,,6704,5000
gecko,UNCALLED,5,6,DEAD,-1,0,,6704,5000
alien,HEAD,0,4,,-1,0,,6801,5000
alien,HEAD,1,4,BYPASS,EN,0,KNOCKED_OUT,6800,5003
alien,HEAD,2,5,BYPASS,EN,-3,KNOCKED_OUT,6800,5003
alien,HEAD,3,5,KNOCKED_DOWN | BYPASS,EN,-3,KNOCKED_OUT,6803,5003
alien,HEAD,4,6,KNOCKED_OUT | BYPASS,LK,0,BLIND,6804,5006
alien,HEAD,5,6,DEAD,-1,0,,6804,5000
alien,LEFT_ARM,0,3,,-1,0,,6806,5000
alien,LEFT_ARM,1,3,LOSE_TURN,-1,0,,6806,5000
alien,LEFT_ARM,2,4,,EN,-3,CRIP_ARM_LEFT,6806,5011
alien,LEFT_ARM,3,4,CRIP_ARM_LEFT | BYPASS,-1,0,,6806,5000
alien,LEFT_ARM,4,4,CRIP_ARM_LEFT | BYPASS,-1,0,,6806,5000
alien,LEFT_ARM,5,4,CRIP_ARM_LEFT | BYPASS,-1,0,,6806,5000
alien,RIGHT_ARM,0,3,,-1,0,,6806,5000
alien,RIGHT_ARM,1,3,LOSE_TURN,-1,0,,6806,5000
alien,RIGHT_ARM,2,4,,EN,-3,CRIP_ARM_RIGHT,6806,5014
alien,RIGHT_ARM,3,4,CRIP_ARM_RIGHT | BYPASS,-1,0,,6806,5000
alien,RIGHT_ARM,4,4,CRIP_ARM_RIGHT | BYPASS,-1,0,,6806,5000
alien,RIGHT_ARM,5,4,CRIP_ARM_RIGHT | BYPASS,-1,0,,6806,5000
alien,TORSO,0,3,,-1,0,,6800,5000
alien,TORSO,1,3,BYPASS,-1,0,,6800,5000
alien,TORSO,2,4,KNOCKED_DOWN | BYPASS,-1,0,,6800,5000
alien,TORSO,3,4,KNOCKED_DOWN | BYPASS,-1,0,,6800,5000
alien,TORSO,4,6,KNOCKED_OUT | BYPASS,-1,0,,6800,5000
alien,TORSO,5,6,DEAD,-1,0,,6800,5000
alien,RIGHT_LEG,0,3,KNOCKED_DOWN,-1,0,,6805,5000
alien,RIGHT_LEG,1,3,KNOCKED_DOWN,EN,0,CRIP_LEG_RIGHT,6805,5024
alien,RIGHT_LEG,2,4,KNOCKED_DOWN,EN,-3,CRIP_LEG_RIGHT,6805,5024
alien,RIGHT_LEG,3,4,KNOCKED_DOWN | CRIP_LEG_RIGHT | BYPASS,-1,0,,6805,5000
alien,RIGHT_LEG,4,4,KNOCKED_DOWN | CRIP_LEG_RIGHT | BYPASS,EN,0,KNOCKED_OUT,6805,5026
alien,RIGHT_LEG,5,4,KNOCKED_OUT | CRIP_LEG_RIGHT | BYPASS,-1,0,,6805,5000
alien,LEFT_LEG,0,3,KNOCKED_DOWN,-1,0,,6805,5000
alien,LEFT_LEG,1,3,KNOCKED_DOWN,EN,0,CRIP_LEG_LEFT,6805,5024
alien,LEFT_LEG,2,4,KNOCKED_DOWN,EN,-3,CRIP_LEG_LEFT,6805,5024
alien,LEFT_LEG,3,4,KNOCKED_DOWN | CRIP_LEG_LEFT | BYPASS,-1,0,,6805,5000
alien,LEFT_LEG,4,4,KNOCKED_DOWN | CRIP_LEG_LEFT | BYPASS,EN,0,KNOCKED_OUT,6805,5026
alien,LEFT_LEG,5,4,KNOCKED_OUT | CRIP_LEG_LEFT | BYPASS,-1,0,,6805,5000
alien,EYES,0,4,,LK,4,BLIND,6803,5028
alien,EYES,1,4,BYPASS,LK,3,BLIND,6803,5028
alien,EYES,2,6,BYPASS,LK,2,BLIND,6803,5028
alien,EYES,3,6,BLIND | BYPASS | LOSE_TURN,-1,0,,6803,5000
alien,EYES,4,8,KNOCKED_OUT | BLIND | BYPASS,-1,0,,6803,5000
alien,EYES,5,8,DEAD,-1,0,,6804,5000
alien,GROIN,0,3,,-1,0,,6801,5000
alien,GROIN,1,3,BYPASS,EN,-3,KNOCKED_DOWN,6801,5035
alien,GROIN,2,3,KNOCKED_DOWN,EN,-3,KNOCKED_OUT,6801,5036
alien,GROIN,3,3,KNOCKED_OUT,-1,0,,6801,5000
alien,GROIN,4,4,KNOCKED_DOWN | BYPASS,EN,0,KNOCKED_OUT,6804,5036
alien,GROIN,5,4,KNOCKED_OUT | BYPASS,-1,0,,6804,5000
alien,UNCALLED,0,3,,-1,0,,6800,5000
alien,UNCALLED,1,3,BYPASS,-1,0,,6800,5000
alien,UNCALLED,2,4,KNOCKED_DOWN | BYPASS,-1,0,,6800,5000
alien,UNCALLED,3,4,KNOCKED_DOWN | BYPASS,-1,0,,6800,5000
alien,UNCALLED,4,6,KNOCKED_OUT | BYPASS,-1,0,,6800,5000
alien,UNCALLED,5,6,DEAD,-1,0,,6800,5000
giant_ant,HEAD,0,4,,-1,0,,6901,5000
giant_ant,HEAD,1,4,BYPASS,EN,0,KNOCKED_OUT,6901,5003
giant_ant,HEAD,2,5,BYPASS,EN,-3,KNOCKED_OUT,6902,5003
giant_ant,HEAD,3,5,KNOCKED_DOWN | BYPASS,EN,-3,KNOCKED_OUT,6902,5003
giant_ant,HEAD,4,6,KNOCKED_OUT | BYPASS,LK,0,BLIND,6902,5006
giant_ant,HEAD,5,6,DEAD,-1,0,,6902,5000
giant_ant,LEFT_ARM,0,3,,-1,0,,6906,5000
giant_ant,LEFT_ARM,1,3,LOSE_TURN,-1,0,,6906,5000
giant_ant,LEFT_ARM,2,4,,EN,-3,CRIP_ARM_LEFT,6906,5011
giant_ant,LEFT_ARM,3,4,CRIP_ARM_LEFT | BYPASS,-1,0,,6906,5000
giant_ant,LEFT_ARM,4,4,CRIP_ARM_LEFT | BYPASS,-1,0,,6906,5000
giant_ant,LEFT_ARM,5,4,CRIP_ARM_LEFT | BYPASS,-1,0,,6906,5000
giant_ant,RIGHT_ARM,0,3,,-1,0,,6906,5000
giant_ant,RIGHT_ARM,1,3,LOSE_TURN,-1,0,,6906,5000
giant_ant,RIGHT_ARM,2,4,,EN,-3,CRIP_ARM_RIGHT,6906,5014
giant_ant,RIGHT_ARM,3,4,CRIP_ARM_RIGHT | BYPASS,-1,0,,6906,5000
giant_ant,RIGHT_ARM,4,4,CRIP_ARM_RIGHT | BYPASS,-1,0,,6906,5000
giant_ant,RIGHT_ARM,5,4,CRIP_ARM_RIGHT | BYPASS,-1,0,,6906,5000
giant_ant,TORSO,0,3,,-1,0,,6900,5000
giant_ant,TORSO,1,3,BYPASS,-1,0,,6900,5000
giant_ant,TORSO,2,4,KNOCKED_DOWN | BYPASS,-1,0,,6904,5000
giant_ant,TORSO,3,4,KNOCKED_DOWN | BYPASS,-1,0,,6904,5000
giant_ant,TORSO,4,6,KNOCKED_OUT | BYPASS,-1,0,,6904,5000
giant_ant,TORSO,5,6,DEAD,-1,0,,6904,5000
giant_ant,RIGHT_LEG,0,3,KNOCKED_DOWN,-1,0,,6905,5000
giant_ant,RIGHT_LEG,1,3,KNOCKED_DOWN,EN,0,CRIP_LEG_RIGHT,6905,5024
giant_ant,RIGHT_LEG,2,4,KNOCKED_DOWN,EN,-3,CRIP_LEG_RIGHT,6905,5024
giant_ant,RIGHT_LEG,3,4,KNOCKED_DOWN | CRIP_LEG_RIGHT | BYPASS,-1,0,,6905,5000
giant_ant,RIGHT_LEG,4,4,KNOCKED_DOWN | CRIP_LEG_RIGHT | BYPASS,EN,0,KNOCKED_OUT,6905,5026
giant_ant,RIGHT_LEG,5,4,KNOCKED_OUT | CRIP_LEG_RIGHT | BYPASS,-1,0,,6905,5000
giant_ant,LEFT_LEG,0,3,KNOCKED_DOWN,-1,0,,6905,5000
giant_ant,LEFT_LEG,1,3,KNOCKED_DOWN,EN,0,CRIP_LEG_LEFT,6905,5024
giant_ant,LEFT_LEG,2,4,KNOCKED_DOWN,EN,-3,CRIP_LEG_LEFT,6905,5024
giant_ant,LEFT_LEG,3,4,KNOCKED_DOWN | CRIP_LEG_LEFT | BYPASS,-1,0,,6905,5000
giant_ant,LEFT_LEG,4,4,KNOCKED_DOWN | CRIP_LEG_LEFT | BYPASS,EN,0,KNOCKED_OUT,6905,5026
giant_ant,LEFT_LEG,5,4,KNOCKED_OUT | CRIP_LEG_LEFT | BYPASS,-1,0,,6905,5000
giant_ant,EYES,0,4,,LK,4,BLIND,6900,5028
giant_ant,EYES,1,4,BYPASS,LK,3,BLIND,6906,5028
giant_ant,EYES,2,6,BYPASS,LK,2,BLIND,6901,5028
giant_ant,EYES,3,6,BLIND | BYPASS | LOSE_TURN,-1,0,,6901,5000
giant_ant,EYES,4,8,KNOCKED_OUT | BLIND | BYPASS,-1,0,,6901,5000
giant_ant,EYES,5,8,DEAD,-1,0,,6901,5000
giant_ant,GROIN,0,3,,-1,0,,6900,5000
giant_ant,GROIN,1,3,BYPASS,EN,-3,KNOCKED_DOWN,6900,5035
giant_ant,GROIN,2,3,KNOCKED_DOWN,EN,-3,KNOCKED_OUT,6900,5036
giant_ant,GROIN,3,3,KNOCKED_OUT,-1,0,,6903,5000
giant_ant,GROIN,4,4,KNOCKED_DOWN | BYPASS,EN,0,KNOCKED_OUT,6903,5036
giant_ant,GROIN,5,4,KNOCKED_OUT | BYPASS,-1,0,,6903,5000
giant_ant,UNCALLED,0,3,,-1,0,,6900,5000
giant_ant,UNCALLED,1,3,BYPASS,-1,0,,6900,5000
giant_ant,UNCALLED,2,4,KNOCKED_DOWN | BYPASS,-1,0,,6904,5000
giant_ant,UNCALLED,3,4,KNOCKED_DOWN | BYPASS,-1,0,,6904,5000
giant_ant,UNCALLED,4,6,KNOCKED_OUT | BYPASS,-1,0,,6904,5000
giant_ant,UNCALLED,5,6,DEAD,-1,0,,6904,5000
boss,HEAD,0,3,,-1,0,,5001,7100
boss,HEAD,1,3,,-1,0,,5001,7103
boss,HEAD,2,4,,-1,0,,5001,7103
boss,HEAD,3,4,LOSE_TURN,-1,0,,7105,7103
boss,HEAD,4,5,KNOCKED_DOWN,LK,0,BLIND,7101,7104
boss,HEAD,5,6,KNOCKED_DOWN,-1,0,,7101,7100
boss,LEFT_ARM,0,3,,-1,0,,5008,7100
boss,LEFT_ARM,1,3,,-1,0,,5008,7100
boss,LEFT_ARM,2,3,LOSE_TURN,-1,0,,5009,7011
boss,LEFT_ARM,3,4,LOSE_TURN,-1,0,,5009,7100
boss,LEFT_ARM,4,4,CRIP_ARM_LEFT,-1,0,,7102,7100
boss,LEFT_ARM,5,4,CRIP_ARM_LEFT,-1,0,,7102,7100
boss,RIGHT_ARM,0,3,,-1,0,,5008,7100
boss,RIGHT_ARM,1,3,,-1,0,,5008,7100
boss,RIGHT_ARM,2,3,LOSE_TURN,-1,0,,5009,7100
boss,RIGHT_ARM,3,4,LOSE_TURN,-1,0,,5009,7100
boss,RIGHT_ARM,4,4,CRIP_ARM_RIGHT,-1,0,,7102,7100
boss,RIGHT_ARM,5,4,CRIP_ARM_RIGHT,-1,0,,7102,7100
boss,TORSO,0,3,,-1,0,,7106,7100
boss,TORSO,1,3,,-1,0,,7106,7100
boss,TORSO,2,3,,-1,0,,7106,7100
boss,TORSO,3,4,,-1,0,,7106,7100
boss,TORSO,4,4,KNOCKED_DOWN,-1,0,,7101,7100
boss,TORSO,5,5,KNOCKED_DOWN,-1,0,,7101,7100
boss,RIGHT_LEG,0,3,KNOCKED_DOWN,-1,0,,5023,7100
boss,RIGHT_LEG,1,3,KNOCKED_DOWN,EN,0,CRIP_LEG_RIGHT,7101,7103
boss,RIGHT_LEG,2,3,KNOCKED_DOWN,EN,-3,CRIP_LEG_RIGHT,7101,7103
boss,RIGHT_LEG,3,4,KNOCKED_DOWN | CRIP_LEG_RIGHT,-1,0,,7103,7100
boss,RIGHT_LEG,4,4,KNOCKED_DOWN | CRIP_LEG_RIGHT,-1,0,,7103,7106
boss,RIGHT_LEG,5,4,CRIP_LEG_RIGHT,-1,0,,7103,7100
boss,LEFT_LEG,0,3,KNOCKED_DOWN,-1,0,,5023,7100
boss,LEFT_LEG,1,3,KNOCKED_DOWN,EN,0,CRIP_LEG_LEFT,7101,7103
boss,LEFT_LEG,2,3,KNOCKED_DOWN,EN,-3,CRIP_LEG_LEFT,7101,7103
boss,LEFT_LEG,3,4,KNOCKED_DOWN | CRIP_LEG_LEFT,-1,0,,7103,7100
boss,LEFT_LEG,4,4,KNOCKED_DOWN | CRIP_LEG_LEFT,-1,0,,7103,7106
boss,LEFT_LEG,5,4,CRIP_LEG_LEFT,-1,0,,7103,7100
boss,EYES,0,3,,-1,0,,5027,7106
boss,EYES,1,3,,-1,0,,5027,7106
boss,EYES,2,4,,LK,2,BLIND,5027,7106
boss,EYES,3,4,LOSE_TURN,-1,0,,5027,7100
boss,EYES,4,5,BLIND | LOSE_TURN,-1,0,,7104,7100
boss,EYES,5,5,BLIND | LOSE_TURN,-1,0,,7104,7100
boss,GROIN,0,3,,-1,0,,5033,7100
boss,GROIN,1,3,,EN,-3,KNOCKED_DOWN,5027,7101
boss,GROIN,2,3,KNOCKED_DOWN,-1,0,,7101,7106
boss,GROIN,3,3,KNOCKED_DOWN,-1,0,,7101,7100
boss,GROIN,4,4,,-1,0,,7101,7106
boss,GROIN,5,4,KNOCKED_DOWN,-1,0,,7101,7100
boss,UNCALLED,0,3,,-1,0,,7106,7100
boss,UNCALLED,1,3,,-1,0,,7106,7100
boss,UNCALLED,2,3,,-1,0,,7106,7100
boss,UNCALLED,3,4,,-1,0,,7106,7100
boss,UNCALLED,4,4,KNOCKED_DOWN,-1,0,,7101,7100
boss,UNCALLED,5,5,KNOCKED_DOWN,-1,0,,7101,7100
player,HEAD,0,3,,-1,0,,6500,5000
player,HEAD,1,3,BYPASS,EN,3,KNOCKED_DOWN,6501,6503
player,HEAD,2,3,BYPASS,EN,0,KNOCKED_DOWN,6501,6503
player,HEAD,3,3,KNOCKED_DOWN | BYPASS,EN,2,KNOCKED_OUT,6503,6502
player,HEAD,4,3,KNOCKED_OUT | BYPASS,LK,2,BLIND,6502,6504
player,HEAD,5,6,BYPASS,EN,-2,DEAD,6501,6505
player,LEFT_ARM,0,2,,-1,0,,6506,5000
player,LEFT_ARM,1,2,LOSE_TURN,-1,0,,6507,5000
player,LEFT_ARM,2,3,,EN,0,CRIP_ARM_LEFT,6508,6509
player,LEFT_ARM,3,3,BYPASS,-1,0,,6501,5000
player,LEFT_ARM,4,3,CRIP_ARM_LEFT | BYPASS,-1,0,,6510,5000
player,LEFT_ARM,5,3,CRIP_ARM_LEFT | BYPASS,-1,0,,6510,5000
player,RIGHT_ARM,0,2,,-1,0,,6506,5000
player,RIGHT_ARM,1,2,LOSE_TURN,-1,0,,6507,5000
player,RIGHT_ARM,2,3,,EN,0,CRIP_ARM_RIGHT,6508,6509
player,RIGHT_ARM,3,3,BYPASS,-1,0,,6501,5000
player,RIGHT_ARM,4,3,CRIP_ARM_RIGHT | BYPASS,-1,0,,6511,5000
player,RIGHT_ARM,5,3,CRIP_ARM_RIGHT | BYPASS,-1,0,,6511,5000
player,TORSO,0,3,,-1,0,,6512,5000
player,TORSO,1,3,,-1,0,,6512,5000
player,TORSO,2,3,BYPASS,-1,0,,6508,5000
player,TORSO,3,3,KNOCKED_DOWN | BYPASS,-1,0,,6503,5000
player,TORSO,4,4,KNOCKED_DOWN | BYPASS,-1,0,,6503,5000
player,TORSO,5,4,KNOCKED_DOWN | BYPASS,LK,2,DEAD,6503,6513
player,RIGHT_LEG,0,3,,-1,0,,6512,5000
player,RIGHT_LEG,1,3,KNOCKED_DOWN,-1,0,,6514,5000
player,RIGHT_LEG,2,3,KNOCKED_DOWN,EN,0,CRIP_LEG_RIGHT,6514,6515
player,RIGHT_LEG,3,4,KNOCKED_DOWN | CRIP_LEG_RIGHT | BYPASS,-1,0,,6516,5000
player,RIGHT_LEG,4,4,KNOCKED_DOWN | CRIP_LEG_RIGHT | BYPASS,-1,0,,6516,5000
player,RIGHT_LEG,5,4,KNOCKED_OUT | CRIP_LEG_RIGHT | BYPASS,-1,0,,6517,5000
player,LEFT_LEG,0,3,,-1,0,,6512,5000
player,LEFT_LEG,1,3,KNOCKED_DOWN,-1,0,,6514,5000
player,LEFT_LEG,2,3,KNOCKED_DOWN,EN,0,CRIP_LEG_LEFT,6514,6515
player,LEFT_LEG,3,4,KNOCKED_DOWN | CRIP_LEG_LEFT | BYPASS,-1,0,,6516,5000
player,LEFT_LEG,4,4,KNOCKED_DOWN | CRIP_LEG_LEFT | BYPASS,-1,0,,6516,5000
player,LEFT_LEG,5,4,KNOCKED_OUT | CRIP_LEG_LEFT | BYPASS,-1,0,,6517,5000
player,EYES,0,3,,-1,0,,6518,5000
player,EYES,1,3,,LK,3,BLIND,6518,6519
player,EYES,2,3,BYPASS,LK,3,BLIND,6501,6519
player,EYES,3,4,BYPASS | LOSE_TURN,-1,0,,6520,5000
player,EYES,4,4,BLIND | BYPASS | LOSE_TURN,-1,0,,6521,5000
player,EYES,5,6,DEAD,-1,0,,6522,5000
player,GROIN,0,3,,-1,0,,6523,5000
player,GROIN,1,3,,EN,0,KNOCKED_DOWN,6523,6524
player,GROIN,2,3,KNOCKED_DOWN,-1,0,,6524,5000
player,GROIN,3,3,KNOCKED_DOWN,EN,4,KNOCKED_OUT,6524,6525
player,GROIN,4,4,KNOCKED_DOWN,EN,2,KNOCKED_OUT,6524,6525
player,GROIN,5,4,KNOCKED_OUT,-1,0,,6526,5000
player,UNCALLED,0,3,,-1,0,,6512,5000
player,UNCALLED,1,3,,-1,0,,6512,5000
player,UNCALLED,2,3,BYPASS,-1,0,,6508,5000
player,UNCALLED,3,3,KNOCKED_DOWN | BYPASS,-1,0,,6503,5000
player,UNCALLED,4,4,KNOCKED_DOWN | BYPASS,-1,0,,6503,5000
player,UNCALLED,5,4,KNOCKED_DOWN | BYPASS,LK,2,DEAD,6503,6513